datetime,symbol,open,high,low,close,volume

2025-03-18 00:15:00,FOREXCOM:XAUUSD,2998.505,3000.395,2998.475,2999.775,0.0
2025-03-18 00:30:00,FOREXCOM:XAUUSD,2999.775,3000.465,2998.885,2998.93,0.0
2025-03-18 00:45:00,FOREXCOM:XAUUSD,2998.93,3000.29,2998.545,2999.44,0.0
2025-03-18 01:00:00,FOREXCOM:XAUUSD,2999.44,3000.05,2998.385,2998.79,0.0
2025-03-18 01:15:00,FOREXCOM:XAUUSD,2998.79,3000.27,2998.565,2999.285,0.0
2025-03-18 01:30:00,FOREXCOM:XAUUSD,2999.285,3000.33,2997.76,2998.555,0.0
2025-03-18 01:45:00,FOREXCOM:XAUUSD,2998.555,3000.97,2998.545,3000.46,0.0
2025-03-18 02:00:00,FOREXCOM:XAUUSD,3000.46,3001.44,3000.21,3001.44,0.0
2025-03-18 02:15:00,FOREXCOM:XAUUSD,3001.44,3001.655,3000.585,3001.275,0.0
2025-03-18 02:30:00,FOREXCOM:XAUUSD,3001.275,3001.69,3001.085,3001.495,0.0
2025-03-18 02:45:00,FOREXCOM:XAUUSD,3001.495,3001.94,3000.795,3000.835,0.0
2025-03-18 04:00:00,FOREXCOM:XAUUSD,3000.835,3001.865,3000.355,3000.48,0.0
2025-03-18 04:15:00,FOREXCOM:XAUUSD,3000.48,3001.06,3000.025,3000.115,0.0
2025-03-18 04:30:00,FOREXCOM:XAUUSD,3000.115,3000.91,3000.105,3000.28,0.0
2025-03-18 04:45:00,FOREXCOM:XAUUSD,3000.28,3000.775,3000.105,3000.34,0.0
2025-03-18 05:00:00,FOREXCOM:XAUUSD,3000.34,3001.29,3000.135,3001.025,0.0
2025-03-18 05:15:00,FOREXCOM:XAUUSD,3001.025,3002.55,3000.945,3001.565,0.0
2025-03-18 05:30:00,FOREXCOM:XAUUSD,3001.565,3002.885,3001.475,3002.465,0.0
2025-03-18 05:45:00,FOREXCOM:XAUUSD,3002.465,3002.48,2999.75,2999.92,0.0
2025-03-18 06:00:00,FOREXCOM:XAUUSD,2999.92,3002.31,2999.805,3000.875,0.0
2025-03-18 06:15:00,FOREXCOM:XAUUSD,3000.875,3002.98,2999.66,3002.385,0.0
2025-03-18 06:30:00,FOREXCOM:XAUUSD,3002.385,3003.62,3001.315,3001.815,0.0
2025-03-18 06:45:00,FOREXCOM:XAUUSD,3001.815,3001.855,2999.89,3001.63,0.0
2025-03-18 07:00:00,FOREXCOM:XAUUSD,3001.63,3001.855,2999.555,3001.37,0.0
2025-03-18 07:15:00,FOREXCOM:XAUUSD,3001.37,3005.0,3000.695,3004.3,0.0
2025-03-18 07:30:00,FOREXCOM:XAUUSD,3004.3,3005.26,3002.045,3004.3,0.0
2025-03-18 07:45:00,FOREXCOM:XAUUSD,3004.3,3008.425,3002.835,3005.765,0.0
2025-03-18 08:00:00,FOREXCOM:XAUUSD,3005.765,3006.56,3002.935,3006.1,0.0
2025-03-18 08:15:00,FOREXCOM:XAUUSD,3006.1,3007.745,3005.81,3006.855,0.0
2025-03-18 08:30:00,FOREXCOM:XAUUSD,3006.855,3007.94,3006.31,3007.275,0.0
2025-03-18 08:45:00,FOREXCOM:XAUUSD,3007.275,3012.205,3007.255,3010.98,0.0
2025-03-18 09:00:00,FOREXCOM:XAUUSD,3010.98,3013.545,3009.73,3013.4,0.0
2025-03-18 09:15:00,FOREXCOM:XAUUSD,3013.4,3015.12,3010.725,3012.81,0.0
2025-03-18 09:30:00,FOREXCOM:XAUUSD,3012.81,3012.905,3010.155,3010.62,0.0
2025-03-18 09:45:00,FOREXCOM:XAUUSD,3010.62,3012.61,3010.515,3011.55,0.0
2025-03-18 10:00:00,FOREXCOM:XAUUSD,3011.55,3012.48,3011.375,3012.04,0.0
2025-03-18 10:15:00,FOREXCOM:XAUUSD,3012.04,3013.75,3011.48,3013.645,0.0
2025-03-18 10:30:00,FOREXCOM:XAUUSD,3013.645,3015.105,3013.145,3014.11,0.0
2025-03-18 10:45:00,FOREXCOM:XAUUSD,3014.11,3017.145,3013.915,3014.54,0.0
2025-03-18 11:00:00,FOREXCOM:XAUUSD,3014.54,3014.895,3011.68,3012.0,0.0
2025-03-18 11:15:00,FOREXCOM:XAUUSD,3012.0,3012.095,3006.215,3007.575,0.0
2025-03-18 11:30:00,FOREXCOM:XAUUSD,3007.575,3013.6,3007.09,3013.52,0.0
2025-03-18 11:45:00,FOREXCOM:XAUUSD,3013.52,3014.19,3011.545,3012.055,0.0
2025-03-18 12:00:00,FOREXCOM:XAUUSD,3012.055,3017.315,3011.305,3015.315,0.0
2025-03-18 12:15:00,FOREXCOM:XAUUSD,3015.315,3016.285,3010.73,3011.915,0.0
2025-03-18 12:30:00,FOREXCOM:XAUUSD,3011.915,3013.83,3011.79,3013.755,0.0
2025-03-18 12:45:00,FOREXCOM:XAUUSD,3013.755,3017.73,3013.625,3015.805,0.0
2025-03-18 13:00:00,FOREXCOM:XAUUSD,3015.805,3018.715,3014.605,3018.34,0.0
2025-03-18 13:15:00,FOREXCOM:XAUUSD,3018.34,3018.955,3014.95,3016.9,0.0
2025-03-18 13:30:00,FOREXCOM:XAUUSD,3016.9,3018.54,3016.445,3018.035,0.0
2025-03-18 13:45:00,FOREXCOM:XAUUSD,3018.035,3018.07,3015.445,3016.585,0.0
2025-03-18 14:00:00,FOREXCOM:XAUUSD,3016.585,3019.775,3016.48,3019.74,0.0
2025-03-18 14:15:00,FOREXCOM:XAUUSD,3019.74,3025.515,3019.69,3024.555,0.0
2025-03-18 14:30:00,FOREXCOM:XAUUSD,3024.555,3027.245,3024.015,3026.76,0.0
2025-03-18 14:45:00,FOREXCOM:XAUUSD,3026.76,3027.27,3025.14,3026.505,0.0
2025-03-18 15:00:00,FOREXCOM:XAUUSD,3026.505,3028.54,3024.47,3024.64,0.0
2025-03-18 15:15:00,FOREXCOM:XAUUSD,3024.64,3025.465,3022.98,3023.26,0.0
2025-03-18 15:30:00,FOREXCOM:XAUUSD,3023.26,3023.78,3019.735,3021.48,0.0
2025-03-18 15:45:00,FOREXCOM:XAUUSD,3021.48,3022.405,3018.27,3020.305,0.0
2025-03-18 16:00:00,FOREXCOM:XAUUSD,3020.305,3025.175,3019.675,3025.175,0.0
2025-03-18 16:15:00,FOREXCOM:XAUUSD,3025.175,3025.795,3023.555,3024.15,0.0
2025-03-18 16:30:00,FOREXCOM:XAUUSD,3024.15,3024.76,3020.845,3023.44,0.0
2025-03-18 16:45:00,FOREXCOM:XAUUSD,3023.44,3025.525,3023.105,3024.075,0.0
2025-03-18 17:00:00,FOREXCOM:XAUUSD,3024.075,3024.77,3022.555,3022.595,0.0
2025-03-18 17:15:00,FOREXCOM:XAUUSD,3022.595,3026.23,3022.55,3024.56,0.0
2025-03-18 17:30:00,FOREXCOM:XAUUSD,3024.56,3029.55,3024.415,3027.9,0.0
2025-03-18 17:45:00,FOREXCOM:XAUUSD,3027.9,3027.945,3024.225,3026.91,0.0
2025-03-18 18:00:00,FOREXCOM:XAUUSD,3026.91,3031.215,3026.855,3030.18,0.0
2025-03-18 18:15:00,FOREXCOM:XAUUSD,3030.18,3031.435,3026.83,3028.64,0.0
2025-03-18 18:30:00,FOREXCOM:XAUUSD,3028.64,3034.735,3027.855,3033.705,0.0
2025-03-18 18:45:00,FOREXCOM:XAUUSD,3033.705,3035.76,3033.625,3034.4,0.0
2025-03-18 19:00:00,FOREXCOM:XAUUSD,3034.4,3036.685,3033.39,3034.63,0.0
2025-03-18 19:15:00,FOREXCOM:XAUUSD,3034.63,3037.68,3033.585,3035.58,0.0
2025-03-18 19:30:00,FOREXCOM:XAUUSD,3035.58,3038.315,3026.29,3027.925,0.0
2025-03-18 19:45:00,FOREXCOM:XAUUSD,3027.925,3037.665,3027.665,3033.355,0.0
2025-03-18 20:00:00,FOREXCOM:XAUUSD,3033.355,3033.355,3025.26,3026.045,0.0
2025-03-18 20:15:00,FOREXCOM:XAUUSD,3026.045,3029.875,3024.885,3029.25,0.0
2025-03-18 20:30:00,FOREXCOM:XAUUSD,3029.25,3030.92,3027.555,3028.745,0.0
2025-03-18 20:45:00,FOREXCOM:XAUUSD,3028.745,3030.6,3025.68,3028.005,0.0
2025-03-18 21:00:00,FOREXCOM:XAUUSD,3028.005,3029.525,3025.27,3029.105,0.0
2025-03-18 21:15:00,FOREXCOM:XAUUSD,3029.105,3032.26,3026.89,3031.565,0.0
2025-03-18 21:30:00,FOREXCOM:XAUUSD,3031.565,3032.11,3030.05,3031.89,0.0
2025-03-18 21:45:00,FOREXCOM:XAUUSD,3031.89,3032.65,3029.815,3031.79,0.0
2025-03-18 22:00:00,FOREXCOM:XAUUSD,3031.79,3033.38,3030.52,3033.27,0.0
2025-03-18 22:15:00,FOREXCOM:XAUUSD,3033.27,3035.69,3032.265,3035.585,0.0
2025-03-18 22:30:00,FOREXCOM:XAUUSD,3035.585,3036.8,3034.23,3035.43,0.0
2025-03-18 22:45:00,FOREXCOM:XAUUSD,3035.43,3036.98,3033.88,3036.095,0.0
2025-03-18 23:00:00,FOREXCOM:XAUUSD,3036.095,3036.395,3034.835,3034.845,0.0
2025-03-18 23:15:00,FOREXCOM:XAUUSD,3034.845,3035.265,3030.925,3032.835,0.0
2025-03-18 23:30:00,FOREXCOM:XAUUSD,3032.835,3032.985,3029.835,3032.48,0.0
2025-03-18 23:45:00,FOREXCOM:XAUUSD,3032.48,3033.505,3032.44,3032.67,0.0
2025-03-19 00:00:00,FOREXCOM:XAUUSD,3032.67,3033.51,3032.52,3033.445,0.0
2025-03-19 00:15:00,FOREXCOM:XAUUSD,3033.445,3033.52,3032.56,3033.47,0.0
2025-03-19 00:30:00,FOREXCOM:XAUUSD,3033.47,3036.415,3033.47,3035.49,0.0
2025-03-19 00:45:00,FOREXCOM:XAUUSD,3035.49,3036.275,3035.425,3035.94,0.0
2025-03-19 01:00:00,FOREXCOM:XAUUSD,3035.94,3036.885,3035.595,3036.7,0.0
2025-03-19 01:15:00,FOREXCOM:XAUUSD,3036.7,3038.06,3035.855,3037.23,0.0
2025-03-19 01:30:00,FOREXCOM:XAUUSD,3037.23,3037.92,3037.18,3037.24,0.0
2025-03-19 01:45:00,FOREXCOM:XAUUSD,3037.24,3037.605,3035.26,3035.665,0.0
2025-03-19 02:00:00,FOREXCOM:XAUUSD,3035.665,3036.09,3034.515,3034.935,0.0
2025-03-19 02:15:00,FOREXCOM:XAUUSD,3034.935,3035.06,3033.825,3034.7,0.0
2025-03-19 02:30:00,FOREXCOM:XAUUSD,3034.7,3035.115,3033.425,3033.96,0.0
2025-03-19 02:45:00,FOREXCOM:XAUUSD,3033.96,3034.87,3033.645,3034.48,0.0
2025-03-19 04:00:00,FOREXCOM:XAUUSD,3034.48,3034.48,3032.715,3032.725,0.0
2025-03-19 04:15:00,FOREXCOM:XAUUSD,3032.725,3034.015,3032.725,3033.84,0.0
2025-03-19 04:30:00,FOREXCOM:XAUUSD,3033.84,3034.145,3033.335,3033.4,0.0
2025-03-19 04:45:00,FOREXCOM:XAUUSD,3033.4,3034.725,3033.385,3034.56,0.0
2025-03-19 05:00:00,FOREXCOM:XAUUSD,3034.56,3035.145,3033.735,3033.775,0.0
2025-03-19 05:15:00,FOREXCOM:XAUUSD,3033.775,3033.785,3032.03,3032.63,0.0
2025-03-19 05:30:00,FOREXCOM:XAUUSD,3032.63,3033.795,3032.175,3033.74,0.0
2025-03-19 05:45:00,FOREXCOM:XAUUSD,3033.74,3033.92,3031.66,3031.955,0.0
2025-03-19 06:00:00,FOREXCOM:XAUUSD,3031.955,3031.955,3030.645,3031.17,0.0
2025-03-19 06:15:00,FOREXCOM:XAUUSD,3031.17,3033.99,3030.635,3033.565,0.0
2025-03-19 06:30:00,FOREXCOM:XAUUSD,3033.565,3034.07,3032.26,3033.055,0.0
2025-03-19 06:45:00,FOREXCOM:XAUUSD,3033.055,3033.27,3031.385,3031.49,0.0
2025-03-19 07:00:00,FOREXCOM:XAUUSD,3031.49,3032.775,3029.215,3029.215,0.0
2025-03-19 07:15:00,FOREXCOM:XAUUSD,3029.215,3030.065,3028.1,3029.82,0.0
2025-03-19 07:30:00,FOREXCOM:XAUUSD,3029.82,3029.825,3027.765,3028.015,0.0
2025-03-19 07:45:00,FOREXCOM:XAUUSD,3028.015,3029.63,3027.48,3029.52,0.0
2025-03-19 08:00:00,FOREXCOM:XAUUSD,3029.52,3032.425,3029.105,3031.415,0.0
2025-03-19 08:15:00,FOREXCOM:XAUUSD,3031.415,3031.94,3029.84,3029.84,0.0
2025-03-19 08:30:00,FOREXCOM:XAUUSD,3029.84,3033.26,3029.73,3032.78,0.0
2025-03-19 08:45:00,FOREXCOM:XAUUSD,3032.78,3033.845,3032.54,3033.465,0.0
2025-03-19 09:00:00,FOREXCOM:XAUUSD,3033.465,3035.66,3032.355,3034.935,0.0
2025-03-19 09:15:00,FOREXCOM:XAUUSD,3034.935,3035.79,3034.15,3034.595,0.0
2025-03-19 09:30:00,FOREXCOM:XAUUSD,3034.595,3036.29,3034.16,3035.55,0.0
2025-03-19 09:45:00,FOREXCOM:XAUUSD,3035.55,3039.09,3035.475,3036.415,0.0
2025-03-19 10:00:00,FOREXCOM:XAUUSD,3036.415,3036.415,3034.33,3035.285,0.0
2025-03-19 10:15:00,FOREXCOM:XAUUSD,3035.285,3037.64,3035.09,3037.05,0.0
2025-03-19 10:30:00,FOREXCOM:XAUUSD,3037.05,3037.1,3035.735,3036.325,0.0
2025-03-19 10:45:00,FOREXCOM:XAUUSD,3036.325,3036.9,3034.965,3036.53,0.0
2025-03-19 11:00:00,FOREXCOM:XAUUSD,3036.53,3038.86,3036.53,3038.515,0.0
2025-03-19 11:15:00,FOREXCOM:XAUUSD,3038.515,3039.375,3037.23,3037.635,0.0
2025-03-19 11:30:00,FOREXCOM:XAUUSD,3037.635,3043.045,3037.27,3041.54,0.0
2025-03-19 11:45:00,FOREXCOM:XAUUSD,3041.54,3045.35,3041.485,3044.64,0.0
2025-03-19 12:00:00,FOREXCOM:XAUUSD,3044.64,3044.83,3037.065,3038.71,0.0
2025-03-19 12:15:00,FOREXCOM:XAUUSD,3038.71,3041.025,3034.565,3036.885,0.0
2025-03-19 12:30:00,FOREXCOM:XAUUSD,3036.885,3040.37,3034.73,3040.11,0.0
2025-03-19 12:45:00,FOREXCOM:XAUUSD,3040.11,3044.13,3039.95,3042.285,0.0
2025-03-19 13:00:00,FOREXCOM:XAUUSD,3042.285,3042.95,3039.405,3039.92,0.0
2025-03-19 13:15:00,FOREXCOM:XAUUSD,3039.92,3040.815,3038.035,3040.295,0.0
2025-03-19 13:30:00,FOREXCOM:XAUUSD,3040.295,3041.98,3038.4,3039.69,0.0
2025-03-19 13:45:00,FOREXCOM:XAUUSD,3039.69,3039.69,3035.64,3035.96,0.0
2025-03-19 14:00:00,FOREXCOM:XAUUSD,3035.96,3037.125,3031.765,3032.565,0.0
2025-03-19 14:15:00,FOREXCOM:XAUUSD,3032.565,3034.805,3032.165,3033.42,0.0
2025-03-19 14:30:00,FOREXCOM:XAUUSD,3033.42,3033.98,3027.41,3028.15,0.0
2025-03-19 14:45:00,FOREXCOM:XAUUSD,3028.15,3029.15,3024.81,3025.305,0.0
2025-03-19 15:00:00,FOREXCOM:XAUUSD,3025.305,3027.5,3022.905,3025.905,0.0
2025-03-19 15:15:00,FOREXCOM:XAUUSD,3025.905,3028.485,3025.67,3028.1,0.0
2025-03-19 15:30:00,FOREXCOM:XAUUSD,3028.1,3030.275,3027.605,3030.105,0.0
2025-03-19 15:45:00,FOREXCOM:XAUUSD,3030.105,3031.475,3029.305,3030.545,0.0
2025-03-19 16:00:00,FOREXCOM:XAUUSD,3030.545,3030.58,3028.485,3029.52,0.0
2025-03-19 16:15:00,FOREXCOM:XAUUSD,3029.52,3036.425,3029.5,3035.69,0.0
2025-03-19 16:30:00,FOREXCOM:XAUUSD,3035.69,3037.8,3034.355,3037.565,0.0
2025-03-19 16:45:00,FOREXCOM:XAUUSD,3037.565,3037.595,3033.89,3034.685,0.0
2025-03-19 17:00:00,FOREXCOM:XAUUSD,3034.685,3036.41,3033.815,3036.355,0.0
2025-03-19 17:15:00,FOREXCOM:XAUUSD,3036.355,3039.495,3035.655,3039.495,0.0
2025-03-19 17:30:00,FOREXCOM:XAUUSD,3039.495,3039.925,3038.02,3039.785,0.0
2025-03-19 17:45:00,FOREXCOM:XAUUSD,3039.785,3039.97,3038.275,3039.025,0.0
2025-03-19 18:00:00,FOREXCOM:XAUUSD,3039.025,3040.075,3038.17,3039.57,0.0
2025-03-19 18:15:00,FOREXCOM:XAUUSD,3039.57,3039.885,3037.055,3037.23,0.0
2025-03-19 18:30:00,FOREXCOM:XAUUSD,3037.23,3040.27,3036.475,3039.675,0.0
2025-03-19 18:45:00,FOREXCOM:XAUUSD,3039.675,3041.165,3037.09,3037.205,0.0
2025-03-19 19:00:00,FOREXCOM:XAUUSD,3037.205,3038.335,3034.485,3034.68,0.0
2025-03-19 19:15:00,FOREXCOM:XAUUSD,3034.68,3036.47,3033.18,3034.145,0.0
2025-03-19 19:30:00,FOREXCOM:XAUUSD,3034.145,3034.86,3027.76,3029.52,0.0
2025-03-19 19:45:00,FOREXCOM:XAUUSD,3029.52,3034.83,3028.17,3033.385,0.0
2025-03-19 20:00:00,FOREXCOM:XAUUSD,3033.385,3033.385,3027.15,3028.36,0.0
2025-03-19 20:15:00,FOREXCOM:XAUUSD,3028.36,3030.445,3026.03,3030.325,0.0
2025-03-19 20:30:00,FOREXCOM:XAUUSD,3030.325,3032.05,3028.17,3029.955,0.0
2025-03-19 20:45:00,FOREXCOM:XAUUSD,3029.955,3030.85,3026.83,3027.64,0.0
2025-03-19 21:00:00,FOREXCOM:XAUUSD,3027.64,3032.555,3026.92,3031.54,0.0
2025-03-19 21:15:00,FOREXCOM:XAUUSD,3031.54,3033.03,3030.095,3032.13,0.0
2025-03-19 21:30:00,FOREXCOM:XAUUSD,3032.13,3032.345,3029.525,3029.84,0.0
2025-03-19 21:45:00,FOREXCOM:XAUUSD,3029.84,3032.6,3029.84,3031.555,0.0
2025-03-19 22:00:00,FOREXCOM:XAUUSD,3031.555,3035.81,3031.435,3034.61,0.0
2025-03-19 22:15:00,FOREXCOM:XAUUSD,3034.61,3038.4,3034.56,3036.505,0.0
2025-03-19 22:30:00,FOREXCOM:XAUUSD,3036.505,3037.225,3034.145,3034.535,0.0
2025-03-19 22:45:00,FOREXCOM:XAUUSD,3034.535,3035.58,3031.44,3033.075,0.0
2025-03-19 23:00:00,FOREXCOM:XAUUSD,3033.075,3034.21,3031.595,3032.63,0.0
2025-03-19 23:15:00,FOREXCOM:XAUUSD,3032.63,3034.105,3031.18,3033.02,0.0
2025-03-19 23:30:00,FOREXCOM:XAUUSD,3033.02,3033.58,3030.0,3030.665,0.0
2025-03-19 23:45:00,FOREXCOM:XAUUSD,3030.665,3031.07,3029.515,3030.44,0.0
2025-03-20 00:00:00,FOREXCOM:XAUUSD,3030.44,3039.82,3030.21,3038.73,0.0
2025-03-20 00:15:00,FOREXCOM:XAUUSD,3038.73,3041.23,3037.05,3037.645,0.0
2025-03-20 00:30:00,FOREXCOM:XAUUSD,3037.645,3048.645,3037.645,3048.025,0.0
2025-03-20 00:45:00,FOREXCOM:XAUUSD,3048.025,3048.595,3042.54,3046.895,0.0
2025-03-20 01:00:00,FOREXCOM:XAUUSD,3046.895,3052.025,3046.085,3047.32,0.0
2025-03-20 01:15:00,FOREXCOM:XAUUSD,3047.32,3048.38,3041.12,3042.195,0.0
2025-03-20 01:30:00,FOREXCOM:XAUUSD,3042.195,3047.77,3042.06,3047.115,0.0
2025-03-20 01:45:00,FOREXCOM:XAUUSD,3047.115,3048.695,3046.02,3048.06,0.0
2025-03-20 02:00:00,FOREXCOM:XAUUSD,3048.06,3048.315,3044.585,3046.35,0.0
2025-03-20 02:15:00,FOREXCOM:XAUUSD,3046.35,3046.565,3045.495,3046.085,0.0
2025-03-20 02:30:00,FOREXCOM:XAUUSD,3046.085,3046.195,3044.31,3045.19,0.0
2025-03-20 02:45:00,FOREXCOM:XAUUSD,3045.19,3047.92,3045.08,3047.75,0.0
2025-03-20 04:00:00,FOREXCOM:XAUUSD,3047.75,3050.625,3047.18,3049.75,0.0
2025-03-20 04:15:00,FOREXCOM:XAUUSD,3049.75,3050.23,3047.355,3049.25,0.0
2025-03-20 04:30:00,FOREXCOM:XAUUSD,3049.25,3050.055,3048.915,3049.02,0.0
2025-03-20 04:45:00,FOREXCOM:XAUUSD,3049.02,3050.52,3049.02,3050.285,0.0
2025-03-20 05:00:00,FOREXCOM:XAUUSD,3050.285,3050.285,3048.86,3049.725,0.0
2025-03-20 05:15:00,FOREXCOM:XAUUSD,3049.725,3050.605,3049.51,3050.315,0.0
2025-03-20 05:30:00,FOREXCOM:XAUUSD,3050.315,3050.485,3049.185,3049.855,0.0
2025-03-20 05:45:00,FOREXCOM:XAUUSD,3049.855,3051.35,3049.81,3050.15,0.0
2025-03-20 06:00:00,FOREXCOM:XAUUSD,3050.15,3054.485,3050.15,3052.24,0.0
2025-03-20 06:15:00,FOREXCOM:XAUUSD,3052.24,3055.55,3050.91,3053.92,0.0
2025-03-20 06:30:00,FOREXCOM:XAUUSD,3053.92,3053.98,3051.145,3052.8,0.0
2025-03-20 06:45:00,FOREXCOM:XAUUSD,3052.8,3053.65,3051.555,3053.315,0.0
2025-03-20 07:00:00,FOREXCOM:XAUUSD,3053.315,3055.44,3050.495,3054.86,0.0
2025-03-20 07:15:00,FOREXCOM:XAUUSD,3054.86,3056.11,3053.47,3054.315,0.0
2025-03-20 07:30:00,FOREXCOM:XAUUSD,3054.315,3055.505,3052.605,3053.48,0.0
2025-03-20 07:45:00,FOREXCOM:XAUUSD,3053.48,3053.855,3049.475,3049.745,0.0
2025-03-20 08:00:00,FOREXCOM:XAUUSD,3049.745,3052.145,3048.49,3051.39,0.0
2025-03-20 08:15:00,FOREXCOM:XAUUSD,3051.39,3052.22,3050.5,3050.905,0.0
2025-03-20 08:30:00,FOREXCOM:XAUUSD,3050.905,3051.58,3047.09,3047.86,0.0
2025-03-20 08:45:00,FOREXCOM:XAUUSD,3047.86,3047.95,3045.1,3045.755,0.0
2025-03-20 09:00:00,FOREXCOM:XAUUSD,3045.755,3048.595,3045.56,3048.595,0.0
2025-03-20 09:15:00,FOREXCOM:XAUUSD,3048.595,3049.65,3047.48,3048.635,0.0
2025-03-20 09:30:00,FOREXCOM:XAUUSD,3048.635,3050.38,3048.275,3048.305,0.0
2025-03-20 09:45:00,FOREXCOM:XAUUSD,3048.305,3050.5,3048.135,3050.055,0.0
2025-03-20 10:00:00,FOREXCOM:XAUUSD,3050.055,3050.185,3048.26,3049.72,0.0
2025-03-20 10:15:00,FOREXCOM:XAUUSD,3049.72,3053.635,3049.315,3053.54,0.0
2025-03-20 10:30:00,FOREXCOM:XAUUSD,3053.54,3057.335,3053.405,3056.93,0.0
2025-03-20 10:45:00,FOREXCOM:XAUUSD,3056.93,3057.485,3052.26,3052.5,0.0
2025-03-20 11:00:00,FOREXCOM:XAUUSD,3052.5,3053.565,3050.905,3052.135,0.0
2025-03-20 11:15:00,FOREXCOM:XAUUSD,3052.135,3053.08,3046.935,3048.985,0.0
2025-03-20 11:30:00,FOREXCOM:XAUUSD,3048.985,3048.985,3045.025,3046.905,0.0
2025-03-20 11:45:00,FOREXCOM:XAUUSD,3046.905,3047.365,3045.035,3046.9,0.0
2025-03-20 12:00:00,FOREXCOM:XAUUSD,3046.9,3049.595,3045.815,3049.21,0.0
2025-03-20 12:15:00,FOREXCOM:XAUUSD,3049.21,3051.57,3048.745,3049.71,0.0
2025-03-20 12:30:00,FOREXCOM:XAUUSD,3049.71,3050.83,3045.805,3050.3,0.0
2025-03-20 12:45:00,FOREXCOM:XAUUSD,3050.3,3050.325,3048.66,3049.095,0.0
2025-03-20 13:00:00,FOREXCOM:XAUUSD,3049.095,3049.095,3045.275,3046.69,0.0
2025-03-20 13:15:00,FOREXCOM:XAUUSD,3046.69,3047.02,3044.4,3046.89,0.0
2025-03-20 13:30:00,FOREXCOM:XAUUSD,3046.89,3047.86,3044.735,3045.27,0.0
2025-03-20 13:45:00,FOREXCOM:XAUUSD,3045.27,3045.275,3041.9,3042.345,0.0
2025-03-20 14:00:00,FOREXCOM:XAUUSD,3042.345,3043.99,3040.58,3042.54,0.0
2025-03-20 14:15:00,FOREXCOM:XAUUSD,3042.54,3042.68,3038.765,3040.16,0.0
2025-03-20 14:30:00,FOREXCOM:XAUUSD,3040.16,3042.5,3039.775,3040.105,0.0
2025-03-20 14:45:00,FOREXCOM:XAUUSD,3040.105,3043.38,3039.105,3042.015,0.0
2025-03-20 15:00:00,FOREXCOM:XAUUSD,3042.015,3044.24,3041.09,3043.235,0.0
2025-03-20 15:15:00,FOREXCOM:XAUUSD,3043.235,3045.815,3043.235,3044.71,0.0
2025-03-20 15:30:00,FOREXCOM:XAUUSD,3044.71,3046.4,3044.11,3044.735,0.0
2025-03-20 15:45:00,FOREXCOM:XAUUSD,3044.735,3044.815,3040.735,3041.55,0.0
2025-03-20 16:00:00,FOREXCOM:XAUUSD,3041.55,3041.55,3034.43,3034.735,0.0
2025-03-20 16:15:00,FOREXCOM:XAUUSD,3034.735,3034.735,3030.2,3030.23,0.0
2025-03-20 16:30:00,FOREXCOM:XAUUSD,3030.23,3030.23,3025.755,3028.515,0.0
2025-03-20 16:45:00,FOREXCOM:XAUUSD,3028.515,3035.505,3028.375,3034.295,0.0
2025-03-20 17:00:00,FOREXCOM:XAUUSD,3034.295,3034.78,3029.98,3031.595,0.0
2025-03-20 17:15:00,FOREXCOM:XAUUSD,3031.595,3033.615,3029.435,3032.79,0.0
2025-03-20 17:30:00,FOREXCOM:XAUUSD,3032.79,3033.22,3029.46,3030.925,0.0
2025-03-20 17:45:00,FOREXCOM:XAUUSD,3030.925,3035.22,3030.67,3034.525,0.0
2025-03-20 18:00:00,FOREXCOM:XAUUSD,3034.525,3036.425,3033.515,3036.22,0.0
2025-03-20 18:15:00,FOREXCOM:XAUUSD,3036.22,3038.13,3035.13,3037.19,0.0
2025-03-20 18:30:00,FOREXCOM:XAUUSD,3037.19,3041.835,3035.905,3040.695,0.0
2025-03-20 18:45:00,FOREXCOM:XAUUSD,3040.695,3042.355,3039.81,3040.93,0.0
2025-03-20 19:00:00,FOREXCOM:XAUUSD,3040.93,3041.135,3031.855,3033.38,0.0
2025-03-20 19:15:00,FOREXCOM:XAUUSD,3033.38,3034.15,3030.11,3030.965,0.0
2025-03-20 19:30:00,FOREXCOM:XAUUSD,3030.965,3037.71,3030.34,3034.9,0.0
2025-03-20 19:45:00,FOREXCOM:XAUUSD,3034.9,3036.945,3031.795,3032.815,0.0
2025-03-20 20:00:00,FOREXCOM:XAUUSD,3032.815,3036.19,3030.725,3035.285,0.0
2025-03-20 20:15:00,FOREXCOM:XAUUSD,3035.285,3036.73,3031.86,3032.91,0.0
2025-03-20 20:30:00,FOREXCOM:XAUUSD,3032.91,3038.58,3032.245,3038.41,0.0
2025-03-20 20:45:00,FOREXCOM:XAUUSD,3038.41,3040.895,3036.535,3040.3,0.0
2025-03-20 21:00:00,FOREXCOM:XAUUSD,3040.3,3041.895,3037.75,3039.645,0.0
2025-03-20 21:15:00,FOREXCOM:XAUUSD,3039.645,3041.115,3038.34,3040.455,0.0
2025-03-20 21:30:00,FOREXCOM:XAUUSD,3040.455,3040.745,3037.735,3039.54,0.0
2025-03-20 21:45:00,FOREXCOM:XAUUSD,3039.54,3041.935,3039.39,3040.815,0.0
2025-03-20 22:00:00,FOREXCOM:XAUUSD,3040.815,3042.03,3039.145,3041.945,0.0
2025-03-20 22:15:00,FOREXCOM:XAUUSD,3041.945,3043.275,3038.55,3038.75,0.0
2025-03-20 22:30:00,FOREXCOM:XAUUSD,3038.75,3039.11,3034.045,3034.985,0.0
2025-03-20 22:45:00,FOREXCOM:XAUUSD,3034.985,3039.27,3034.985,3038.365,0.0
2025-03-20 23:00:00,FOREXCOM:XAUUSD,3038.365,3040.145,3036.21,3037.27,0.0
2025-03-20 23:15:00,FOREXCOM:XAUUSD,3037.27,3039.6,3034.86,3035.92,0.0
2025-03-20 23:30:00,FOREXCOM:XAUUSD,3035.92,3039.58,3035.685,3039.495,0.0
2025-03-20 23:45:00,FOREXCOM:XAUUSD,3039.495,3041.975,3038.695,3041.82,0.0
2025-03-21 00:00:00,FOREXCOM:XAUUSD,3041.82,3045.275,3041.15,3045.23,0.0
2025-03-21 00:15:00,FOREXCOM:XAUUSD,3045.23,3045.465,3043.045,3044.72,0.0
2025-03-21 00:30:00,FOREXCOM:XAUUSD,3044.72,3044.8,3041.03,3042.655,0.0
2025-03-21 00:45:00,FOREXCOM:XAUUSD,3042.655,3045.1,3042.52,3043.4,0.0
2025-03-21 01:00:00,FOREXCOM:XAUUSD,3043.4,3044.72,3043.35,3044.185,0.0
2025-03-21 01:15:00,FOREXCOM:XAUUSD,3044.185,3045.86,3043.685,3045.18,0.0
2025-03-21 01:30:00,FOREXCOM:XAUUSD,3045.18,3045.96,3044.605,3045.545,0.0
2025-03-21 01:45:00,FOREXCOM:XAUUSD,3045.545,3046.185,3044.65,3044.65,0.0
2025-03-21 02:00:00,FOREXCOM:XAUUSD,3044.65,3045.8,3044.65,3045.405,0.0
2025-03-21 02:15:00,FOREXCOM:XAUUSD,3045.405,3045.405,3044.35,3044.875,0.0
2025-03-21 02:30:00,FOREXCOM:XAUUSD,3044.875,3045.9,3044.695,3045.385,0.0
2025-03-21 02:45:00,FOREXCOM:XAUUSD,3045.385,3045.385,3044.38,3044.85,0.0
2025-03-21 04:00:00,FOREXCOM:XAUUSD,3044.85,3045.18,3044.235,3044.43,0.0
2025-03-21 04:15:00,FOREXCOM:XAUUSD,3044.43,3045.0,3043.74,3044.445,0.0
2025-03-21 04:30:00,FOREXCOM:XAUUSD,3044.445,3044.59,3044.03,3044.165,0.0
2025-03-21 04:45:00,FOREXCOM:XAUUSD,3044.165,3046.12,3043.615,3045.845,0.0
2025-03-21 05:00:00,FOREXCOM:XAUUSD,3045.845,3046.11,3045.035,3046.02,0.0
2025-03-21 05:15:00,FOREXCOM:XAUUSD,3046.02,3046.02,3044.735,3044.735,0.0
2025-03-21 05:30:00,FOREXCOM:XAUUSD,3044.735,3045.635,3044.56,3045.28,0.0
2025-03-21 05:45:00,FOREXCOM:XAUUSD,3045.28,3046.715,3045.28,3046.465,0.0
2025-03-21 06:00:00,FOREXCOM:XAUUSD,3046.465,3047.52,3044.595,3044.73,0.0
2025-03-21 06:15:00,FOREXCOM:XAUUSD,3044.73,3044.735,3042.42,3043.77,0.0
2025-03-21 06:30:00,FOREXCOM:XAUUSD,3043.77,3044.805,3042.89,3043.8,0.0
2025-03-21 06:45:00,FOREXCOM:XAUUSD,3043.8,3043.84,3042.67,3042.93,0.0
2025-03-21 07:00:00,FOREXCOM:XAUUSD,3042.93,3044.63,3042.05,3042.71,0.0
2025-03-21 07:15:00,FOREXCOM:XAUUSD,3042.71,3043.91,3040.83,3042.15,0.0
2025-03-21 07:30:00,FOREXCOM:XAUUSD,3042.15,3043.36,3038.755,3038.755,0.0
2025-03-21 07:45:00,FOREXCOM:XAUUSD,3038.755,3039.03,3035.98,3036.0,0.0
2025-03-21 08:00:00,FOREXCOM:XAUUSD,3036.0,3037.085,3034.81,3035.59,0.0
2025-03-21 08:15:00,FOREXCOM:XAUUSD,3035.59,3035.77,3034.285,3035.105,0.0
2025-03-21 08:30:00,FOREXCOM:XAUUSD,3035.105,3035.4,3033.94,3034.49,0.0
2025-03-21 08:45:00,FOREXCOM:XAUUSD,3034.49,3035.92,3033.965,3034.79,0.0
2025-03-21 09:00:00,FOREXCOM:XAUUSD,3034.79,3034.79,3031.3,3031.75,0.0
2025-03-21 09:15:00,FOREXCOM:XAUUSD,3031.75,3032.415,3030.445,3030.725,0.0
2025-03-21 09:30:00,FOREXCOM:XAUUSD,3030.725,3031.9,3030.09,3030.97,0.0
2025-03-21 09:45:00,FOREXCOM:XAUUSD,3030.97,3032.89,3030.38,3030.665,0.0
2025-03-21 10:00:00,FOREXCOM:XAUUSD,3030.665,3032.085,3029.31,3031.36,0.0
2025-03-21 10:15:00,FOREXCOM:XAUUSD,3031.36,3031.615,3029.99,3030.68,0.0
2025-03-21 10:30:00,FOREXCOM:XAUUSD,3030.68,3031.71,3030.355,3031.65,0.0
2025-03-21 10:45:00,FOREXCOM:XAUUSD,3031.65,3031.955,3028.05,3029.89,0.0
2025-03-21 11:00:00,FOREXCOM:XAUUSD,3029.89,3030.465,3027.23,3027.56,0.0
2025-03-21 11:15:00,FOREXCOM:XAUUSD,3027.56,3028.235,3026.77,3027.195,0.0
2025-03-21 11:30:00,FOREXCOM:XAUUSD,3027.195,3027.75,3021.77,3025.065,0.0
2025-03-21 11:45:00,FOREXCOM:XAUUSD,3025.065,3029.46,3024.17,3028.125,0.0
2025-03-21 12:00:00,FOREXCOM:XAUUSD,3028.125,3032.8,3027.515,3031.11,0.0
2025-03-21 12:15:00,FOREXCOM:XAUUSD,3031.11,3032.065,3030.68,3031.485,0.0
2025-03-21 12:30:00,FOREXCOM:XAUUSD,3031.485,3034.065,3031.245,3032.47,0.0
2025-03-21 12:45:00,FOREXCOM:XAUUSD,3032.47,3032.625,3028.275,3029.93,0.0
2025-03-21 13:00:00,FOREXCOM:XAUUSD,3029.93,3032.51,3028.175,3031.52,0.0
2025-03-21 13:15:00,FOREXCOM:XAUUSD,3031.52,3032.45,3029.73,3032.185,0.0
2025-03-21 13:30:00,FOREXCOM:XAUUSD,3032.185,3033.485,3030.195,3031.27,0.0
2025-03-21 13:45:00,FOREXCOM:XAUUSD,3031.27,3032.05,3029.66,3032.045,0.0
2025-03-21 14:00:00,FOREXCOM:XAUUSD,3032.045,3034.875,3029.68,3030.17,0.0
2025-03-21 14:15:00,FOREXCOM:XAUUSD,3030.17,3030.28,3027.255,3028.875,0.0
2025-03-21 14:30:00,FOREXCOM:XAUUSD,3028.875,3033.76,3028.305,3033.635,0.0
2025-03-21 14:45:00,FOREXCOM:XAUUSD,3033.635,3034.345,3032.545,3033.02,0.0
2025-03-21 15:00:00,FOREXCOM:XAUUSD,3033.02,3033.15,3027.87,3030.115,0.0
2025-03-21 15:15:00,FOREXCOM:XAUUSD,3030.115,3031.52,3029.25,3030.735,0.0
2025-03-21 15:30:00,FOREXCOM:XAUUSD,3030.735,3030.98,3028.595,3029.065,0.0
2025-03-21 15:45:00,FOREXCOM:XAUUSD,3029.065,3030.435,3028.545,3029.75,0.0
2025-03-21 16:00:00,FOREXCOM:XAUUSD,3029.75,3033.52,3029.7,3032.885,0.0
2025-03-21 16:15:00,FOREXCOM:XAUUSD,3032.885,3033.355,3032.02,3032.195,0.0
2025-03-21 16:30:00,FOREXCOM:XAUUSD,3032.195,3032.985,3030.595,3032.19,0.0
2025-03-21 16:45:00,FOREXCOM:XAUUSD,3032.19,3033.505,3030.935,3030.935,0.0
2025-03-21 17:00:00,FOREXCOM:XAUUSD,3030.935,3032.23,3029.045,3032.215,0.0
2025-03-21 17:15:00,FOREXCOM:XAUUSD,3032.215,3032.395,3030.135,3031.46,0.0
2025-03-21 17:30:00,FOREXCOM:XAUUSD,3031.46,3034.985,3030.06,3034.985,0.0
2025-03-21 17:45:00,FOREXCOM:XAUUSD,3034.985,3037.725,3032.86,3034.445,0.0
2025-03-21 18:00:00,FOREXCOM:XAUUSD,3034.445,3038.09,3033.98,3035.635,0.0
2025-03-21 18:15:00,FOREXCOM:XAUUSD,3035.635,3036.235,3033.98,3035.31,0.0
2025-03-21 18:30:00,FOREXCOM:XAUUSD,3035.31,3036.105,3033.595,3034.815,0.0
2025-03-21 18:45:00,FOREXCOM:XAUUSD,3034.815,3038.2,3034.005,3034.135,0.0
2025-03-21 19:00:00,FOREXCOM:XAUUSD,3034.135,3036.93,3033.18,3035.925,0.0
2025-03-21 19:15:00,FOREXCOM:XAUUSD,3035.925,3036.55,3029.565,3029.935,0.0
2025-03-21 19:30:00,FOREXCOM:XAUUSD,3029.935,3029.96,3013.61,3014.91,0.0
2025-03-21 19:45:00,FOREXCOM:XAUUSD,3014.91,3016.29,3004.345,3006.68,0.0
2025-03-21 20:00:00,FOREXCOM:XAUUSD,3006.68,3007.405,2999.555,3003.86,0.0
2025-03-21 20:15:00,FOREXCOM:XAUUSD,3003.86,3009.595,3000.39,3008.235,0.0
2025-03-21 20:30:00,FOREXCOM:XAUUSD,3008.235,3011.01,3005.6,3009.63,0.0
2025-03-21 20:45:00,FOREXCOM:XAUUSD,3009.63,3016.755,3009.61,3015.795,0.0
2025-03-21 21:00:00,FOREXCOM:XAUUSD,3015.795,3017.94,3013.605,3013.97,0.0
2025-03-21 21:15:00,FOREXCOM:XAUUSD,3013.97,3017.025,3013.055,3014.1,0.0
2025-03-21 21:30:00,FOREXCOM:XAUUSD,3014.1,3014.445,3010.105,3013.315,0.0
2025-03-21 21:45:00,FOREXCOM:XAUUSD,3013.315,3014.055,3010.68,3011.06,0.0
2025-03-21 22:00:00,FOREXCOM:XAUUSD,3011.06,3015.54,3010.72,3014.195,0.0
2025-03-21 22:15:00,FOREXCOM:XAUUSD,3014.195,3016.14,3013.085,3014.9,0.0
2025-03-21 22:30:00,FOREXCOM:XAUUSD,3014.9,3016.905,3013.14,3013.595,0.0
2025-03-21 22:45:00,FOREXCOM:XAUUSD,3013.595,3016.48,3013.485,3015.275,0.0
2025-03-21 23:00:00,FOREXCOM:XAUUSD,3015.275,3017.965,3014.715,3017.0,0.0
2025-03-21 23:15:00,FOREXCOM:XAUUSD,3017.0,3018.3,3014.925,3015.57,0.0
2025-03-21 23:30:00,FOREXCOM:XAUUSD,3015.57,3016.11,3014.92,3015.055,0.0
2025-03-21 23:45:00,FOREXCOM:XAUUSD,3015.055,3016.005,3013.0,3013.755,0.0
2025-03-22 00:00:00,FOREXCOM:XAUUSD,3013.755,3015.985,3013.545,3015.71,0.0
2025-03-22 00:15:00,FOREXCOM:XAUUSD,3015.71,3019.585,3015.315,3019.105,0.0
2025-03-22 00:30:00,FOREXCOM:XAUUSD,3019.105,3021.675,3019.02,3020.68,0.0
2025-03-22 00:45:00,FOREXCOM:XAUUSD,3020.68,3021.435,3017.355,3017.515,0.0
2025-03-22 01:00:00,FOREXCOM:XAUUSD,3017.515,3021.425,3016.005,3021.03,0.0
2025-03-22 01:15:00,FOREXCOM:XAUUSD,3021.03,3022.065,3019.905,3020.635,0.0
2025-03-22 01:30:00,FOREXCOM:XAUUSD,3020.635,3021.555,3019.895,3020.6,0.0
2025-03-22 01:45:00,FOREXCOM:XAUUSD,3020.6,3020.97,3019.64,3019.98,0.0
2025-03-22 02:00:00,FOREXCOM:XAUUSD,3019.98,3021.5,3019.98,3021.225,0.0
2025-03-22 02:15:00,FOREXCOM:XAUUSD,3021.225,3023.295,3021.045,3023.165,0.0
2025-03-22 02:30:00,FOREXCOM:XAUUSD,3023.165,3024.135,3022.945,3023.18,0.0
2025-03-22 02:45:00,FOREXCOM:XAUUSD,3023.18,3024.295,3022.695,3023.605,0.0
2025-03-24 04:00:00,FOREXCOM:XAUUSD,3023.605,3025.205,3022.22,3024.445,0.0
2025-03-24 04:15:00,FOREXCOM:XAUUSD,3024.445,3025.955,3023.945,3024.31,0.0
2025-03-24 04:30:00,FOREXCOM:XAUUSD,3024.31,3024.75,3022.455,3024.51,0.0
2025-03-24 04:45:00,FOREXCOM:XAUUSD,3024.51,3026.195,3024.48,3025.65,0.0
2025-03-24 05:00:00,FOREXCOM:XAUUSD,3025.65,3025.65,3023.33,3024.975,0.0
2025-03-24 05:15:00,FOREXCOM:XAUUSD,3024.975,3026.37,3024.9,3024.955,0.0
2025-03-24 05:30:00,FOREXCOM:XAUUSD,3024.955,3025.705,3024.365,3025.7,0.0
2025-03-24 05:45:00,FOREXCOM:XAUUSD,3025.7,3026.095,3024.81,3024.81,0.0
2025-03-24 06:00:00,FOREXCOM:XAUUSD,3024.81,3025.575,3023.25,3024.11,0.0
2025-03-24 06:15:00,FOREXCOM:XAUUSD,3024.11,3024.2,3022.505,3022.805,0.0
2025-03-24 06:30:00,FOREXCOM:XAUUSD,3022.805,3023.36,3021.15,3021.44,0.0
2025-03-24 06:45:00,FOREXCOM:XAUUSD,3021.44,3021.575,3017.145,3018.61,0.0
2025-03-24 07:00:00,FOREXCOM:XAUUSD,3018.61,3023.485,3018.43,3023.22,0.0
2025-03-24 07:15:00,FOREXCOM:XAUUSD,3023.22,3023.665,3020.43,3020.945,0.0
2025-03-24 07:30:00,FOREXCOM:XAUUSD,3020.945,3025.68,3020.85,3023.855,0.0
2025-03-24 07:45:00,FOREXCOM:XAUUSD,3023.855,3024.045,3020.71,3020.965,0.0
2025-03-24 08:00:00,FOREXCOM:XAUUSD,3020.965,3024.525,3020.775,3023.095,0.0
2025-03-24 08:15:00,FOREXCOM:XAUUSD,3023.095,3023.725,3022.44,3023.255,0.0
2025-03-24 08:30:00,FOREXCOM:XAUUSD,3023.255,3023.47,3017.22,3017.85,0.0
2025-03-24 08:45:00,FOREXCOM:XAUUSD,3017.85,3018.63,3013.73,3016.385,0.0
2025-03-24 09:00:00,FOREXCOM:XAUUSD,3016.385,3018.115,3016.24,3017.255,0.0
2025-03-24 09:15:00,FOREXCOM:XAUUSD,3017.255,3019.83,3016.935,3018.025,0.0
2025-03-24 09:30:00,FOREXCOM:XAUUSD,3018.025,3018.605,3015.75,3018.05,0.0
2025-03-24 09:45:00,FOREXCOM:XAUUSD,3018.05,3018.52,3016.56,3016.945,0.0
2025-03-24 10:00:00,FOREXCOM:XAUUSD,3016.945,3018.595,3016.605,3017.995,0.0
2025-03-24 10:15:00,FOREXCOM:XAUUSD,3017.995,3019.48,3017.465,3018.04,0.0
2025-03-24 10:30:00,FOREXCOM:XAUUSD,3018.04,3018.485,3017.375,3018.255,0.0
2025-03-24 10:45:00,FOREXCOM:XAUUSD,3018.255,3020.17,3017.925,3019.525,0.0
2025-03-24 11:00:00,FOREXCOM:XAUUSD,3019.525,3023.05,3019.065,3022.56,0.0
2025-03-24 11:15:00,FOREXCOM:XAUUSD,3022.56,3023.2,3022.13,3022.795,0.0
2025-03-24 11:30:00,FOREXCOM:XAUUSD,3022.795,3023.055,3021.25,3021.3,0.0
2025-03-24 11:45:00,FOREXCOM:XAUUSD,3021.3,3022.69,3020.34,3022.165,0.0
2025-03-24 12:00:00,FOREXCOM:XAUUSD,3022.165,3022.725,3017.905,3018.55,0.0
2025-03-24 12:15:00,FOREXCOM:XAUUSD,3018.55,3022.57,3017.4,3022.45,0.0
2025-03-24 12:30:00,FOREXCOM:XAUUSD,3022.45,3024.85,3021.77,3024.77,0.0
2025-03-24 12:45:00,FOREXCOM:XAUUSD,3024.77,3025.73,3024.57,3025.145,0.0
2025-03-24 13:00:00,FOREXCOM:XAUUSD,3025.145,3026.545,3024.065,3025.565,0.0
2025-03-24 13:15:00,FOREXCOM:XAUUSD,3025.565,3028.945,3024.51,3025.21,0.0
2025-03-24 13:30:00,FOREXCOM:XAUUSD,3025.21,3025.38,3021.595,3022.72,0.0
2025-03-24 13:45:00,FOREXCOM:XAUUSD,3022.72,3023.295,3021.09,3022.46,0.0
2025-03-24 14:00:00,FOREXCOM:XAUUSD,3022.46,3025.425,3021.95,3024.865,0.0
2025-03-24 14:15:00,FOREXCOM:XAUUSD,3024.865,3025.055,3022.48,3023.485,0.0
2025-03-24 14:30:00,FOREXCOM:XAUUSD,3023.485,3027.79,3022.765,3027.15,0.0
2025-03-24 14:45:00,FOREXCOM:XAUUSD,3027.15,3029.02,3026.98,3028.855,0.0
2025-03-24 15:00:00,FOREXCOM:XAUUSD,3028.855,3031.11,3028.605,3030.425,0.0
2025-03-24 15:15:00,FOREXCOM:XAUUSD,3030.425,3030.775,3028.395,3029.46,0.0
2025-03-24 15:30:00,FOREXCOM:XAUUSD,3029.46,3029.74,3024.025,3024.94,0.0
2025-03-24 15:45:00,FOREXCOM:XAUUSD,3024.94,3025.085,3022.755,3023.71,0.0
2025-03-24 16:00:00,FOREXCOM:XAUUSD,3023.71,3027.885,3023.58,3027.885,0.0
2025-03-24 16:15:00,FOREXCOM:XAUUSD,3027.885,3033.05,3027.03,3032.735,0.0
2025-03-24 16:30:00,FOREXCOM:XAUUSD,3032.735,3033.3,3028.23,3029.575,0.0
2025-03-24 16:45:00,FOREXCOM:XAUUSD,3029.575,3029.945,3027.845,3028.235,0.0
2025-03-24 17:00:00,FOREXCOM:XAUUSD,3028.235,3029.28,3026.84,3027.26,0.0
2025-03-24 17:15:00,FOREXCOM:XAUUSD,3027.26,3028.045,3026.695,3027.23,0.0
2025-03-24 17:30:00,FOREXCOM:XAUUSD,3027.23,3027.445,3024.485,3025.43,0.0
2025-03-24 17:45:00,FOREXCOM:XAUUSD,3025.43,3026.275,3024.48,3024.67,0.0
2025-03-24 18:00:00,FOREXCOM:XAUUSD,3024.67,3026.36,3024.32,3026.31,0.0
2025-03-24 18:15:00,FOREXCOM:XAUUSD,3026.31,3028.71,3026.31,3026.695,0.0
2025-03-24 18:30:00,FOREXCOM:XAUUSD,3026.695,3027.63,3025.165,3026.435,0.0
2025-03-24 18:45:00,FOREXCOM:XAUUSD,3026.435,3026.44,3022.52,3024.33,0.0
2025-03-24 19:00:00,FOREXCOM:XAUUSD,3024.33,3027.735,3023.825,3027.465,0.0
2025-03-24 19:15:00,FOREXCOM:XAUUSD,3027.465,3028.32,3023.415,3024.565,0.0
2025-03-24 19:30:00,FOREXCOM:XAUUSD,3024.565,3026.145,3021.08,3022.415,0.0
2025-03-24 19:45:00,FOREXCOM:XAUUSD,3022.415,3026.125,3019.275,3022.635,0.0
2025-03-24 20:00:00,FOREXCOM:XAUUSD,3022.635,3024.125,3020.095,3023.5,0.0
2025-03-24 20:15:00,FOREXCOM:XAUUSD,3023.5,3023.805,3015.6,3016.6,0.0
2025-03-24 20:30:00,FOREXCOM:XAUUSD,3016.6,3017.04,3009.255,3010.695,0.0
2025-03-24 20:45:00,FOREXCOM:XAUUSD,3010.695,3014.27,3008.055,3012.16,0.0
2025-03-24 21:00:00,FOREXCOM:XAUUSD,3012.16,3012.355,3005.925,3010.875,0.0
2025-03-24 21:15:00,FOREXCOM:XAUUSD,3010.875,3012.975,3009.23,3009.85,0.0
2025-03-24 21:30:00,FOREXCOM:XAUUSD,3009.85,3015.35,3009.775,3014.715,0.0
2025-03-24 21:45:00,FOREXCOM:XAUUSD,3014.715,3015.295,3012.625,3014.155,0.0
2025-03-24 22:00:00,FOREXCOM:XAUUSD,3014.155,3015.71,3012.65,3012.85,0.0
2025-03-24 22:15:00,FOREXCOM:XAUUSD,3012.85,3013.195,3009.87,3011.625,0.0
2025-03-24 22:30:00,FOREXCOM:XAUUSD,3011.625,3012.125,3008.06,3009.295,0.0
2025-03-24 22:45:00,FOREXCOM:XAUUSD,3009.295,3011.22,3009.095,3009.81,0.0
2025-03-24 23:00:00,FOREXCOM:XAUUSD,3009.81,3009.845,3007.23,3008.795,0.0
2025-03-24 23:15:00,FOREXCOM:XAUUSD,3008.795,3010.005,3006.86,3009.65,0.0
2025-03-24 23:30:00,FOREXCOM:XAUUSD,3009.65,3009.65,3006.675,3007.69,0.0
2025-03-24 23:45:00,FOREXCOM:XAUUSD,3007.69,3008.105,3005.98,3007.1,0.0
2025-03-25 00:00:00,FOREXCOM:XAUUSD,3007.1,3007.905,3002.48,3003.635,0.0
2025-03-25 00:15:00,FOREXCOM:XAUUSD,3003.635,3005.175,3003.425,3004.385,0.0
2025-03-25 00:30:00,FOREXCOM:XAUUSD,3004.385,3007.735,3004.01,3007.64,0.0
2025-03-25 00:45:00,FOREXCOM:XAUUSD,3007.64,3008.14,3006.315,3006.785,0.0
2025-03-25 01:00:00,FOREXCOM:XAUUSD,3006.785,3008.135,3005.9,3007.18,0.0
2025-03-25 01:15:00,FOREXCOM:XAUUSD,3007.18,3008.23,3005.335,3005.45,0.0
2025-03-25 01:30:00,FOREXCOM:XAUUSD,3005.45,3006.845,3005.145,3006.57,0.0
2025-03-25 01:45:00,FOREXCOM:XAUUSD,3006.57,3006.775,3005.05,3006.125,0.0
2025-03-25 02:00:00,FOREXCOM:XAUUSD,3006.125,3007.71,3005.65,3007.39,0.0
2025-03-25 02:15:00,FOREXCOM:XAUUSD,3007.39,3012.26,3007.235,3011.57,0.0
2025-03-25 02:30:00,FOREXCOM:XAUUSD,3011.57,3013.355,3011.365,3012.905,0.0
2025-03-25 02:45:00,FOREXCOM:XAUUSD,3012.905,3014.59,3011.69,3011.96,0.0
2025-03-25 04:00:00,FOREXCOM:XAUUSD,3011.96,3012.46,3010.605,3011.23,0.0
2025-03-25 04:15:00,FOREXCOM:XAUUSD,3011.23,3012.175,3011.01,3011.025,0.0
2025-03-25 04:30:00,FOREXCOM:XAUUSD,3011.025,3011.025,3009.77,3009.77,0.0
2025-03-25 04:45:00,FOREXCOM:XAUUSD,3009.77,3012.44,3009.085,3011.525,0.0
2025-03-25 05:00:00,FOREXCOM:XAUUSD,3011.525,3012.4,3011.46,3011.475,0.0
2025-03-25 05:15:00,FOREXCOM:XAUUSD,3011.475,3012.23,3010.785,3012.03,0.0
2025-03-25 05:30:00,FOREXCOM:XAUUSD,3012.03,3012.26,3009.525,3009.635,0.0
2025-03-25 05:45:00,FOREXCOM:XAUUSD,3009.635,3010.675,3009.485,3009.97,0.0
2025-03-25 06:00:00,FOREXCOM:XAUUSD,3009.97,3011.645,3009.105,3011.375,0.0
2025-03-25 06:15:00,FOREXCOM:XAUUSD,3011.375,3011.945,3010.125,3010.51,0.0
2025-03-25 06:30:00,FOREXCOM:XAUUSD,3010.51,3012.225,3010.51,3011.175,0.0
2025-03-25 06:45:00,FOREXCOM:XAUUSD,3011.175,3014.93,3011.085,3014.25,0.0
2025-03-25 07:00:00,FOREXCOM:XAUUSD,3014.25,3014.65,3012.675,3012.81,0.0
2025-03-25 07:15:00,FOREXCOM:XAUUSD,3012.81,3013.55,3010.67,3012.35,0.0
2025-03-25 07:30:00,FOREXCOM:XAUUSD,3012.35,3014.52,3012.35,3014.27,0.0
2025-03-25 07:45:00,FOREXCOM:XAUUSD,3014.27,3014.58,3011.43,3011.895,0.0
2025-03-25 08:00:00,FOREXCOM:XAUUSD,3011.895,3011.92,3008.82,3011.36,0.0
2025-03-25 08:15:00,FOREXCOM:XAUUSD,3011.36,3012.42,3009.825,3010.21,0.0
2025-03-25 08:30:00,FOREXCOM:XAUUSD,3010.21,3011.725,3009.69,3010.685,0.0
2025-03-25 08:45:00,FOREXCOM:XAUUSD,3010.685,3010.96,3007.61,3009.19,0.0
2025-03-25 09:00:00,FOREXCOM:XAUUSD,3009.19,3012.715,3008.645,3012.51,0.0
2025-03-25 09:15:00,FOREXCOM:XAUUSD,3012.51,3014.98,3012.305,3014.5,0.0
2025-03-25 09:30:00,FOREXCOM:XAUUSD,3014.5,3016.31,3014.335,3016.045,0.0
2025-03-25 09:45:00,FOREXCOM:XAUUSD,3016.045,3016.055,3015.015,3015.375,0.0
2025-03-25 10:00:00,FOREXCOM:XAUUSD,3015.375,3016.545,3014.775,3015.535,0.0
2025-03-25 10:15:00,FOREXCOM:XAUUSD,3015.535,3015.805,3014.815,3015.535,0.0
2025-03-25 10:30:00,FOREXCOM:XAUUSD,3015.535,3016.365,3015.335,3015.365,0.0
2025-03-25 10:45:00,FOREXCOM:XAUUSD,3015.365,3016.435,3015.255,3015.34,0.0
2025-03-25 11:00:00,FOREXCOM:XAUUSD,3015.34,3019.065,3014.4,3018.595,0.0
2025-03-25 11:15:00,FOREXCOM:XAUUSD,3018.595,3021.12,3017.905,3020.15,0.0
2025-03-25 11:30:00,FOREXCOM:XAUUSD,3020.15,3020.15,3018.01,3018.56,0.0
2025-03-25 11:45:00,FOREXCOM:XAUUSD,3018.56,3019.44,3016.775,3018.475,0.0
2025-03-25 12:00:00,FOREXCOM:XAUUSD,3018.475,3018.76,3015.54,3016.665,0.0
2025-03-25 12:15:00,FOREXCOM:XAUUSD,3016.665,3017.37,3015.535,3016.83,0.0
2025-03-25 12:30:00,FOREXCOM:XAUUSD,3016.83,3017.435,3015.445,3015.675,0.0
2025-03-25 12:45:00,FOREXCOM:XAUUSD,3015.675,3018.6,3014.885,3017.9,0.0
2025-03-25 13:00:00,FOREXCOM:XAUUSD,3017.9,3018.13,3015.525,3017.285,0.0
2025-03-25 13:15:00,FOREXCOM:XAUUSD,3017.285,3017.305,3013.14,3014.745,0.0
2025-03-25 13:30:00,FOREXCOM:XAUUSD,3014.745,3016.55,3012.69,3013.115,0.0
2025-03-25 13:45:00,FOREXCOM:XAUUSD,3013.115,3013.52,3010.615,3011.2,0.0
2025-03-25 14:00:00,FOREXCOM:XAUUSD,3011.2,3015.315,3010.77,3013.635,0.0
2025-03-25 14:15:00,FOREXCOM:XAUUSD,3013.635,3018.135,3013.085,3018.06,0.0
2025-03-25 14:30:00,FOREXCOM:XAUUSD,3018.06,3020.485,3017.77,3020.025,0.0
2025-03-25 14:45:00,FOREXCOM:XAUUSD,3020.025,3021.96,3019.895,3021.39,0.0
2025-03-25 15:00:00,FOREXCOM:XAUUSD,3021.39,3021.56,3019.835,3021.3,0.0
2025-03-25 15:15:00,FOREXCOM:XAUUSD,3021.3,3021.85,3020.16,3021.295,0.0
2025-03-25 15:30:00,FOREXCOM:XAUUSD,3021.295,3021.48,3019.08,3021.22,0.0
2025-03-25 15:45:00,FOREXCOM:XAUUSD,3021.22,3023.565,3021.08,3023.35,0.0
2025-03-25 16:00:00,FOREXCOM:XAUUSD,3023.35,3024.88,3022.94,3024.005,0.0
2025-03-25 16:15:00,FOREXCOM:XAUUSD,3024.005,3024.51,3021.35,3021.43,0.0
2025-03-25 16:30:00,FOREXCOM:XAUUSD,3021.43,3023.975,3020.735,3023.265,0.0
2025-03-25 16:45:00,FOREXCOM:XAUUSD,3023.265,3024.5,3022.735,3023.67,0.0
2025-03-25 17:00:00,FOREXCOM:XAUUSD,3023.67,3024.955,3023.29,3024.305,0.0
2025-03-25 17:15:00,FOREXCOM:XAUUSD,3024.305,3025.48,3023.58,3025.23,0.0
2025-03-25 17:30:00,FOREXCOM:XAUUSD,3025.23,3026.515,3022.85,3023.52,0.0
2025-03-25 17:45:00,FOREXCOM:XAUUSD,3023.52,3023.74,3020.46,3020.79,0.0
2025-03-25 18:00:00,FOREXCOM:XAUUSD,3020.79,3022.04,3015.84,3018.125,0.0
2025-03-25 18:15:00,FOREXCOM:XAUUSD,3018.125,3018.81,3014.225,3016.725,0.0
2025-03-25 18:30:00,FOREXCOM:XAUUSD,3016.725,3020.145,3016.715,3018.85,0.0
2025-03-25 18:45:00,FOREXCOM:XAUUSD,3018.85,3023.32,3018.585,3021.815,0.0
2025-03-25 19:00:00,FOREXCOM:XAUUSD,3021.815,3025.15,3021.095,3024.28,0.0
2025-03-25 19:15:00,FOREXCOM:XAUUSD,3024.28,3024.725,3021.17,3023.38,0.0
2025-03-25 19:30:00,FOREXCOM:XAUUSD,3023.38,3030.77,3023.365,3027.785,0.0
2025-03-25 19:45:00,FOREXCOM:XAUUSD,3027.785,3030.35,3026.38,3028.97,0.0
2025-03-25 20:00:00,FOREXCOM:XAUUSD,3028.97,3035.915,3027.77,3032.46,0.0
2025-03-25 20:15:00,FOREXCOM:XAUUSD,3032.46,3033.9,3027.485,3028.24,0.0
2025-03-25 20:30:00,FOREXCOM:XAUUSD,3028.24,3030.885,3025.64,3030.415,0.0
2025-03-25 20:45:00,FOREXCOM:XAUUSD,3030.415,3030.745,3025.035,3025.035,0.0
2025-03-25 21:00:00,FOREXCOM:XAUUSD,3025.035,3028.035,3021.25,3023.08,0.0
2025-03-25 21:15:00,FOREXCOM:XAUUSD,3023.08,3023.635,3020.93,3022.73,0.0
2025-03-25 21:30:00,FOREXCOM:XAUUSD,3022.73,3025.06,3018.185,3023.195,0.0
2025-03-25 21:45:00,FOREXCOM:XAUUSD,3023.195,3023.355,3021.15,3021.6,0.0
2025-03-25 22:00:00,FOREXCOM:XAUUSD,3021.6,3024.425,3021.49,3024.045,0.0
2025-03-25 22:15:00,FOREXCOM:XAUUSD,3024.045,3024.305,3022.27,3022.52,0.0
2025-03-25 22:30:00,FOREXCOM:XAUUSD,3022.52,3024.765,3022.275,3024.04,0.0
2025-03-25 22:45:00,FOREXCOM:XAUUSD,3024.04,3025.645,3023.185,3023.27,0.0
2025-03-25 23:00:00,FOREXCOM:XAUUSD,3023.27,3023.39,3021.485,3022.095,0.0
2025-03-25 23:15:00,FOREXCOM:XAUUSD,3022.095,3023.185,3019.92,3021.485,0.0
2025-03-25 23:30:00,FOREXCOM:XAUUSD,3021.485,3022.785,3019.975,3022.175,0.0
2025-03-25 23:45:00,FOREXCOM:XAUUSD,3022.175,3023.005,3020.87,3022.73,0.0
2025-03-26 00:00:00,FOREXCOM:XAUUSD,3022.73,3022.94,3021.185,3022.3,0.0
2025-03-26 00:15:00,FOREXCOM:XAUUSD,3022.3,3022.51,3018.56,3018.925,0.0
2025-03-26 00:30:00,FOREXCOM:XAUUSD,3018.925,3019.595,3017.98,3018.79,0.0
2025-03-26 00:45:00,FOREXCOM:XAUUSD,3018.79,3019.255,3017.88,3018.59,0.0
2025-03-26 01:00:00,FOREXCOM:XAUUSD,3018.59,3019.685,3017.845,3019.66,0.0
2025-03-26 01:15:00,FOREXCOM:XAUUSD,3019.66,3019.69,3018.815,3018.935,0.0
2025-03-26 01:30:00,FOREXCOM:XAUUSD,3018.935,3020.22,3018.865,3020.14,0.0
2025-03-26 01:45:00,FOREXCOM:XAUUSD,3020.14,3020.805,3018.78,3019.745,0.0
2025-03-26 02:00:00,FOREXCOM:XAUUSD,3019.745,3020.325,3018.93,3020.155,0.0
2025-03-26 02:15:00,FOREXCOM:XAUUSD,3020.155,3020.74,3019.915,3019.94,0.0
2025-03-26 02:30:00,FOREXCOM:XAUUSD,3019.94,3020.52,3019.905,3020.32,0.0
2025-03-26 02:45:00,FOREXCOM:XAUUSD,3020.32,3020.84,3019.85,3019.935,0.0
2025-03-26 04:00:00,FOREXCOM:XAUUSD,3019.935,3022.385,3019.56,3022.055,0.0
2025-03-26 04:15:00,FOREXCOM:XAUUSD,3022.055,3022.055,3020.515,3021.485,0.0
2025-03-26 04:30:00,FOREXCOM:XAUUSD,3021.485,3021.58,3020.49,3020.98,0.0
2025-03-26 04:45:00,FOREXCOM:XAUUSD,3020.98,3021.565,3020.765,3021.45,0.0
2025-03-26 05:00:00,FOREXCOM:XAUUSD,3021.45,3021.75,3021.115,3021.13,0.0
2025-03-26 05:15:00,FOREXCOM:XAUUSD,3021.13,3021.795,3020.845,3021.36,0.0
2025-03-26 05:30:00,FOREXCOM:XAUUSD,3021.36,3021.96,3020.9,3021.355,0.0
2025-03-26 05:45:00,FOREXCOM:XAUUSD,3021.355,3021.74,3020.59,3021.105,0.0
2025-03-26 06:00:00,FOREXCOM:XAUUSD,3021.105,3021.75,3020.85,3021.44,0.0
2025-03-26 06:15:00,FOREXCOM:XAUUSD,3021.44,3022.25,3020.625,3020.625,0.0
2025-03-26 06:30:00,FOREXCOM:XAUUSD,3020.625,3021.345,3018.035,3018.125,0.0
2025-03-26 06:45:00,FOREXCOM:XAUUSD,3018.125,3019.105,3017.945,3018.21,0.0
2025-03-26 07:00:00,FOREXCOM:XAUUSD,3018.21,3018.935,3016.49,3018.775,0.0
2025-03-26 07:15:00,FOREXCOM:XAUUSD,3018.775,3020.405,3017.73,3018.84,0.0
2025-03-26 07:30:00,FOREXCOM:XAUUSD,3018.84,3022.7,3018.235,3022.685,0.0
2025-03-26 07:45:00,FOREXCOM:XAUUSD,3022.685,3025.485,3022.025,3024.885,0.0
2025-03-26 08:00:00,FOREXCOM:XAUUSD,3024.885,3026.07,3023.855,3025.28,0.0
2025-03-26 08:15:00,FOREXCOM:XAUUSD,3025.28,3026.345,3024.795,3026.21,0.0
2025-03-26 08:30:00,FOREXCOM:XAUUSD,3026.21,3027.055,3023.515,3023.55,0.0
2025-03-26 08:45:00,FOREXCOM:XAUUSD,3023.55,3024.845,3022.915,3024.315,0.0
2025-03-26 09:00:00,FOREXCOM:XAUUSD,3024.315,3024.315,3020.995,3021.0,0.0
2025-03-26 09:15:00,FOREXCOM:XAUUSD,3021.0,3021.235,3018.815,3018.835,0.0
2025-03-26 09:30:00,FOREXCOM:XAUUSD,3018.835,3019.47,3016.84,3018.825,0.0
2025-03-26 09:45:00,FOREXCOM:XAUUSD,3018.825,3019.005,3016.545,3017.655,0.0
2025-03-26 10:00:00,FOREXCOM:XAUUSD,3017.655,3017.725,3016.1,3016.945,0.0
2025-03-26 10:15:00,FOREXCOM:XAUUSD,3016.945,3017.69,3015.685,3015.77,0.0
2025-03-26 10:30:00,FOREXCOM:XAUUSD,3015.77,3015.79,3014.855,3015.055,0.0
2025-03-26 10:45:00,FOREXCOM:XAUUSD,3015.055,3015.735,3014.38,3015.27,0.0
2025-03-26 11:00:00,FOREXCOM:XAUUSD,3015.27,3016.625,3013.35,3015.11,0.0
2025-03-26 11:15:00,FOREXCOM:XAUUSD,3015.11,3016.065,3014.95,3016.03,0.0
2025-03-26 11:30:00,FOREXCOM:XAUUSD,3016.03,3019.515,3015.505,3019.515,0.0
2025-03-26 11:45:00,FOREXCOM:XAUUSD,3019.515,3024.08,3018.935,3022.855,0.0
2025-03-26 12:00:00,FOREXCOM:XAUUSD,3022.855,3025.265,3022.22,3024.805,0.0
2025-03-26 12:15:00,FOREXCOM:XAUUSD,3024.805,3025.795,3023.235,3025.15,0.0
2025-03-26 12:30:00,FOREXCOM:XAUUSD,3025.15,3025.96,3024.245,3025.025,0.0
2025-03-26 12:45:00,FOREXCOM:XAUUSD,3025.025,3026.4,3024.85,3026.275,0.0
2025-03-26 13:00:00,FOREXCOM:XAUUSD,3026.275,3027.585,3025.145,3026.565,0.0
2025-03-26 13:15:00,FOREXCOM:XAUUSD,3026.565,3027.27,3025.42,3026.335,0.0
2025-03-26 13:30:00,FOREXCOM:XAUUSD,3026.335,3029.055,3026.3,3028.945,0.0
2025-03-26 13:45:00,FOREXCOM:XAUUSD,3028.945,3030.85,3028.76,3030.615,0.0
2025-03-26 14:00:00,FOREXCOM:XAUUSD,3030.615,3032.11,3029.02,3029.06,0.0
2025-03-26 14:15:00,FOREXCOM:XAUUSD,3029.06,3029.065,3026.35,3027.745,0.0
2025-03-26 14:30:00,FOREXCOM:XAUUSD,3027.745,3028.045,3026.305,3026.78,0.0
2025-03-26 14:45:00,FOREXCOM:XAUUSD,3026.78,3026.78,3023.685,3024.08,0.0
2025-03-26 15:00:00,FOREXCOM:XAUUSD,3024.08,3024.18,3021.3,3021.565,0.0
2025-03-26 15:15:00,FOREXCOM:XAUUSD,3021.565,3021.675,3019.815,3019.865,0.0
2025-03-26 15:30:00,FOREXCOM:XAUUSD,3019.865,3020.12,3017.605,3019.455,0.0
2025-03-26 15:45:00,FOREXCOM:XAUUSD,3019.455,3020.33,3017.79,3018.775,0.0
2025-03-26 16:00:00,FOREXCOM:XAUUSD,3018.775,3020.345,3017.145,3018.39,0.0
2025-03-26 16:15:00,FOREXCOM:XAUUSD,3018.39,3023.895,3018.35,3022.94,0.0
2025-03-26 16:30:00,FOREXCOM:XAUUSD,3022.94,3024.275,3021.51,3022.88,0.0
2025-03-26 16:45:00,FOREXCOM:XAUUSD,3022.88,3025.03,3021.18,3023.355,0.0
2025-03-26 17:00:00,FOREXCOM:XAUUSD,3023.355,3026.375,3023.35,3026.295,0.0
2025-03-26 17:15:00,FOREXCOM:XAUUSD,3026.295,3028.83,3026.06,3028.335,0.0
2025-03-26 17:30:00,FOREXCOM:XAUUSD,3028.335,3030.48,3027.82,3029.325,0.0
2025-03-26 17:45:00,FOREXCOM:XAUUSD,3029.325,3030.03,3026.565,3027.64,0.0
2025-03-26 18:00:00,FOREXCOM:XAUUSD,3027.64,3028.795,3025.715,3027.525,0.0
2025-03-26 18:15:00,FOREXCOM:XAUUSD,3027.525,3028.085,3025.565,3026.04,0.0
2025-03-26 18:30:00,FOREXCOM:XAUUSD,3026.04,3028.92,3025.44,3028.815,0.0
2025-03-26 18:45:00,FOREXCOM:XAUUSD,3028.815,3030.12,3026.64,3027.205,0.0
2025-03-26 19:00:00,FOREXCOM:XAUUSD,3027.205,3027.52,3024.015,3025.595,0.0
2025-03-26 19:15:00,FOREXCOM:XAUUSD,3025.595,3025.98,3021.655,3024.78,0.0
2025-03-26 19:30:00,FOREXCOM:XAUUSD,3024.78,3025.71,3019.855,3022.23,0.0
2025-03-26 19:45:00,FOREXCOM:XAUUSD,3022.23,3022.68,3015.98,3016.745,0.0
2025-03-26 20:00:00,FOREXCOM:XAUUSD,3016.745,3019.6,3015.085,3018.11,0.0
2025-03-26 20:15:00,FOREXCOM:XAUUSD,3018.11,3018.525,3015.095,3015.66,0.0
2025-03-26 20:30:00,FOREXCOM:XAUUSD,3015.66,3020.01,3015.17,3019.485,0.0
2025-03-26 20:45:00,FOREXCOM:XAUUSD,3019.485,3021.77,3016.585,3017.555,0.0
2025-03-26 21:00:00,FOREXCOM:XAUUSD,3017.555,3017.635,3012.43,3017.5,0.0
2025-03-26 21:15:00,FOREXCOM:XAUUSD,3017.5,3018.915,3015.17,3016.31,0.0
2025-03-26 21:30:00,FOREXCOM:XAUUSD,3016.31,3018.85,3015.985,3016.68,0.0
2025-03-26 21:45:00,FOREXCOM:XAUUSD,3016.68,3017.99,3014.99,3015.96,0.0
2025-03-26 22:00:00,FOREXCOM:XAUUSD,3015.96,3017.705,3015.54,3017.61,0.0
2025-03-26 22:15:00,FOREXCOM:XAUUSD,3017.61,3020.105,3017.22,3019.195,0.0
2025-03-26 22:30:00,FOREXCOM:XAUUSD,3019.195,3019.775,3015.59,3015.79,0.0
2025-03-26 22:45:00,FOREXCOM:XAUUSD,3015.79,3017.435,3015.3,3015.69,0.0
2025-03-26 23:00:00,FOREXCOM:XAUUSD,3015.69,3017.045,3015.34,3017.025,0.0
2025-03-26 23:15:00,FOREXCOM:XAUUSD,3017.025,3018.185,3016.475,3016.84,0.0
2025-03-26 23:30:00,FOREXCOM:XAUUSD,3016.84,3019.11,3015.655,3018.09,0.0
2025-03-26 23:45:00,FOREXCOM:XAUUSD,3018.09,3018.88,3016.68,3018.815,0.0
2025-03-27 00:00:00,FOREXCOM:XAUUSD,3018.815,3020.915,3018.81,3019.935,0.0
2025-03-27 00:15:00,FOREXCOM:XAUUSD,3019.935,3020.835,3019.505,3020.73,0.0
2025-03-27 00:30:00,FOREXCOM:XAUUSD,3020.73,3020.855,3019.11,3020.055,0.0
2025-03-27 00:45:00,FOREXCOM:XAUUSD,3020.055,3020.15,3018.24,3018.395,0.0
2025-03-27 01:00:00,FOREXCOM:XAUUSD,3018.395,3019.12,3015.9,3016.945,0.0
2025-03-27 01:15:00,FOREXCOM:XAUUSD,3016.945,3018.4,3016.465,3017.315,0.0
2025-03-27 01:30:00,FOREXCOM:XAUUSD,3017.315,3017.735,3016.105,3016.745,0.0
2025-03-27 01:45:00,FOREXCOM:XAUUSD,3016.745,3018.25,3016.415,3017.355,0.0
2025-03-27 02:00:00,FOREXCOM:XAUUSD,3017.355,3020.295,3017.23,3019.94,0.0
2025-03-27 02:15:00,FOREXCOM:XAUUSD,3019.94,3020.565,3019.525,3019.77,0.0
2025-03-27 02:30:00,FOREXCOM:XAUUSD,3019.77,3021.855,3019.355,3020.435,0.0
2025-03-27 02:45:00,FOREXCOM:XAUUSD,3020.435,3021.205,3019.025,3019.625,0.0
2025-03-27 04:00:00,FOREXCOM:XAUUSD,3019.625,3021.055,3018.725,3018.725,0.0
2025-03-27 04:15:00,FOREXCOM:XAUUSD,3018.725,3021.075,3018.145,3020.61,0.0
2025-03-27 04:30:00,FOREXCOM:XAUUSD,3020.61,3020.62,3018.985,3019.695,0.0
2025-03-27 04:45:00,FOREXCOM:XAUUSD,3019.695,3020.28,3018.92,3019.48,0.0
2025-03-27 05:00:00,FOREXCOM:XAUUSD,3019.48,3020.6,3017.725,3019.475,0.0
2025-03-27 05:15:00,FOREXCOM:XAUUSD,3019.475,3020.845,3018.38,3020.745,0.0
2025-03-27 05:30:00,FOREXCOM:XAUUSD,3020.745,3021.32,3019.755,3020.455,0.0
2025-03-27 05:45:00,FOREXCOM:XAUUSD,3020.455,3021.825,3020.455,3021.765,0.0
2025-03-27 06:00:00,FOREXCOM:XAUUSD,3021.765,3025.24,3021.7,3023.385,0.0
2025-03-27 06:15:00,FOREXCOM:XAUUSD,3023.385,3023.795,3022.45,3023.445,0.0
2025-03-27 06:30:00,FOREXCOM:XAUUSD,3023.445,3023.88,3021.71,3023.23,0.0
2025-03-27 06:45:00,FOREXCOM:XAUUSD,3023.23,3023.855,3023.11,3023.7,0.0