Date,Open,High,Low,Close,Adj Close,Volume
2021-01-04,1944.699951171875,1945.0999755859375,1912.199951171875,1912.199951171875,154
2021-01-05,1952.699951171875,1952.699951171875,1941.300048828125,1941.699951171875,113
2021-01-06,1906.9000244140625,1959.9000244140625,1901.5,1952.0,331
2021-01-07,1912.300048828125,1926.699951171875,1912.0,1922.5999755859375,122
2021-01-08,1834.0999755859375,1908.0,1834.0999755859375,1908.0,60
2021-01-11,1849.5999755859375,1849.5999755859375,1826.5,1826.5,20
2021-01-12,1842.9000244140625,1859.699951171875,1839.4000244140625,1849.0,176
2021-01-13,1853.5999755859375,1858.5999755859375,1853.5999755859375,1858.0,189
2021-01-14,1850.300048828125,1850.699951171875,1836.699951171875,1836.699951171875,149
2021-01-15,1829.300048828125,1829.4000244140625,1825.0,1829.4000244140625,31
2021-01-19,1839.5,1842.9000244140625,1802.0,1802.0,13
2021-01-20,1865.9000244140625,1866.5999755859375,1844.4000244140625,1847.800048828125,16
2021-01-21,1865.300048828125,1868.0,1865.300048828125,1865.300048828125,6
2021-01-22,1855.699951171875,1855.699951171875,1852.699951171875,1854.9000244140625,8
2021-01-25,1854.9000244140625,1864.699951171875,1851.800048828125,1864.699951171875,26
2021-01-26,1850.699951171875,1855.800048828125,1850.699951171875,1855.800048828125,59
2021-01-27,1844.9000244140625,1844.9000244140625,1844.9000244140625,1844.9000244140625,195540
2021-01-28,1837.9000244140625,1862.9000244140625,1831.5,1843.4000244140625,27283
2021-01-29,1847.300048828125,1876.0,1838.699951171875,1842.0,1634
2021-02-01,1860.800048828125,1871.9000244140625,1850.0,1866.5999755859375,1494
2021-02-02,1830.5,1861.300048828125,1827.5999755859375,1859.5999755859375,1293
2021-02-03,1832.199951171875,1842.4000244140625,1829.800048828125,1834.800048828125,1195
2021-02-04,1788.9000244140625,1832.199951171875,1782.800048828125,1832.199951171875,2375
2021-02-05,1810.9000244140625,1813.5,1790.9000244140625,1794.300048828125,1278
2021-02-08,1831.9000244140625,1836.699951171875,1809.0,1816.300048828125,254
2021-02-09,1835.300048828125,1843.300048828125,1830.699951171875,1841.9000244140625,184
2021-02-10,1840.5999755859375,1851.0999755859375,1837.0,1842.5999755859375,543
2021-02-11,1824.9000244140625,1845.0,1820.9000244140625,1840.5,602
2021-02-12,1821.5999755859375,1827.5,1809.199951171875,1825.0,259
2021-02-16,1797.199951171875,1823.4000244140625,1787.300048828125,1820.9000244140625,1141
2021-02-17,1771.0999755859375,1789.699951171875,1768.800048828125,1785.800048828125,614
2021-02-18,1773.4000244140625,1784.5999755859375,1766.0,1776.0999755859375,587
2021-02-19,1775.800048828125,1787.5999755859375,1764.300048828125,1764.300048828125,118
2021-02-22,1806.699951171875,1807.800048828125,1784.0,1784.0,165
2021-02-23,1804.4000244140625,1811.300048828125,1796.4000244140625,1809.5999755859375,569
2021-02-24,1796.4000244140625,1805.800048828125,1796.4000244140625,1805.800048828125,1500
2021-02-25,1774.4000244140625,1802.0,1766.699951171875,1801.5,1049
2021-02-26,1728.0999755859375,1768.199951171875,1718.800048828125,1768.0999755859375,1593
2021-03-01,1722.5,1747.0,1720.300048828125,1737.0999755859375,407
2021-03-02,1733.0999755859375,1733.0999755859375,1708.699951171875,1709.4000244140625,867
2021-03-03,1715.300048828125,1732.4000244140625,1703.5,1730.0,501
2021-03-04,1700.199951171875,1717.4000244140625,1700.199951171875,1706.5,521
2021-03-05,1698.0,1701.0,1685.0,1690.5999755859375,302
2021-03-08,1677.699951171875,1705.4000244140625,1673.699951171875,1704.699951171875,1290
2021-03-09,1716.5999755859375,1717.5,1685.199951171875,1686.199951171875,335
2021-03-10,1721.5,1722.9000244140625,1711.0,1713.5999755859375,412
2021-03-11,1722.300048828125,1737.5,1720.199951171875,1725.5999755859375,18
2021-03-12,1719.5,1722.5,1699.0,1715.9000244140625,80
2021-03-15,1728.9000244140625,1731.9000244140625,1722.800048828125,1729.5,147
2021-03-16,1730.5999755859375,1733.9000244140625,1726.0,1732.300048828125,729
2021-03-17,1726.800048828125,1750.0999755859375,1725.5999755859375,1735.300048828125,488
2021-03-18,1732.199951171875,1750.300048828125,1721.800048828125,1745.800048828125,138
2021-03-19,1741.4000244140625,1742.199951171875,1733.5999755859375,1742.199951171875,13
2021-03-22,1737.800048828125,1737.800048828125,1737.800048828125,1737.800048828125,51
2021-03-23,1724.699951171875,1724.699951171875,1724.699951171875,1724.699951171875,6
2021-03-24,1732.9000244140625,1732.9000244140625,1727.5,1727.5,26
2021-03-25,1724.9000244140625,1733.199951171875,1724.5,1732.699951171875,15
2021-03-26,1732.199951171875,1732.199951171875,1721.300048828125,1721.300048828125,33
2021-03-29,1712.0999755859375,1712.0999755859375,1712.0999755859375,1712.0999755859375,135457
2021-03-30,1683.9000244140625,1712.5999755859375,1676.5,1711.0,25316
2021-03-31,1713.800048828125,1713.800048828125,1676.5,1683.699951171875,762
2021-04-01,1726.5,1728.800048828125,1706.4000244140625,1706.800048828125,720
2021-04-05,1727.0,1729.699951171875,1721.9000244140625,1727.9000244140625,275
2021-04-06,1741.5,1744.800048828125,1726.9000244140625,1726.9000244140625,890
2021-04-07,1740.0999755859375,1742.699951171875,1733.699951171875,1742.699951171875,557
2021-04-08,1756.800048828125,1758.0,1734.5999755859375,1736.0,1298
2021-04-09,1743.300048828125,1750.800048828125,1733.300048828125,1750.800048828125,484
2021-04-12,1731.199951171875,1740.800048828125,1726.699951171875,1740.800048828125,40
2021-04-13,1746.199951171875,1746.9000244140625,1722.0999755859375,1733.800048828125,367
2021-04-14,1734.9000244140625,1745.9000244140625,1732.699951171875,1741.300048828125,1037
2021-04-15,1765.4000244140625,1767.9000244140625,1740.0999755859375,1740.0999755859375,368
2021-04-16,1779.0,1779.5,1770.0999755859375,1770.4000244140625,625
2021-04-19,1769.4000244140625,1788.5,1769.4000244140625,1782.0999755859375,144
2021-04-20,1777.300048828125,1777.300048828125,1765.5,1769.300048828125,1464
2021-04-21,1792.300048828125,1794.0999755859375,1777.699951171875,1783.0,250
2021-04-22,1781.199951171875,1794.199951171875,1779.5,1794.199951171875,159
2021-04-23,1777.0,1794.5,1772.0,1786.0999755859375,332
2021-04-26,1779.199951171875,1779.699951171875,1770.800048828125,1778.0,549
2021-04-27,1778.0,1782.0,1777.699951171875,1780.0,117
2021-04-28,1773.199951171875,1774.0,1764.5999755859375,1768.199951171875,756
2021-04-29,1768.0999755859375,1789.0,1758.5999755859375,1781.0,196
2021-04-30,1767.300048828125,1771.800048828125,1763.9000244140625,1771.800048828125,18
2021-05-03,1791.4000244140625,1793.0,1788.5,1788.5,18
2021-05-04,1775.800048828125,1788.5,1774.800048828125,1788.199951171875,182
2021-05-05,1784.0999755859375,1784.0999755859375,1779.199951171875,1781.5,57
2021-05-06,1815.5,1815.5,1787.5999755859375,1788.9000244140625,13
2021-05-07,1831.0999755859375,1842.9000244140625,1831.0999755859375,1842.9000244140625,2
2021-05-10,1837.5,1845.5999755859375,1835.4000244140625,1835.5999755859375,13
2021-05-11,1835.9000244140625,1838.0999755859375,1831.5999755859375,1837.199951171875,420
2021-05-12,1822.5999755859375,1825.199951171875,1821.699951171875,1825.199951171875,3
2021-05-13,1823.800048828125,1826.800048828125,1814.0999755859375,1814.699951171875,100
2021-05-14,1837.9000244140625,1842.9000244140625,1824.5,1824.5,41
2021-05-17,1867.5,1867.5,1847.199951171875,1849.9000244140625,13
2021-05-18,1867.800048828125,1870.5,1867.800048828125,1870.5,3
2021-05-19,1881.300048828125,1884.9000244140625,1863.5999755859375,1866.4000244140625,348
2021-05-20,1881.800048828125,1885.0,1864.800048828125,1865.5,85
2021-05-21,1876.699951171875,1876.699951171875,1872.0999755859375,1872.0999755859375,5
2021-05-24,1884.5999755859375,1884.5999755859375,1882.0999755859375,1882.0999755859375,39
2021-05-25,1898.0999755859375,1898.0999755859375,1882.5,1882.5,56
2021-05-26,1901.300048828125,1901.300048828125,1901.300048828125,1901.300048828125,170526
2021-05-27,1895.699951171875,1903.9000244140625,1888.199951171875,1896.800048828125,35794
2021-05-28,1902.5,1905.4000244140625,1881.9000244140625,1897.5,2415
2021-06-01,1902.9000244140625,1916.199951171875,1892.800048828125,1905.0999755859375,640
2021-06-02,1907.5,1908.800048828125,1896.0,1899.199951171875,1267
2021-06-03,1871.199951171875,1908.800048828125,1865.0,1908.800048828125,1021
2021-06-04,1889.800048828125,1895.5,1854.0,1869.300048828125,367
2021-06-07,1896.800048828125,1899.699951171875,1883.199951171875,1890.5,87
2021-06-08,1892.199951171875,1902.9000244140625,1890.0,1896.5,930
2021-06-09,1893.199951171875,1897.699951171875,1889.199951171875,1894.9000244140625,148
2021-06-10,1894.199951171875,1899.800048828125,1871.5,1887.699951171875,186
2021-06-11,1877.4000244140625,1902.300048828125,1875.199951171875,1900.9000244140625,349
2021-06-14,1864.0,1866.5999755859375,1846.5,1866.199951171875,41
2021-06-15,1854.5,1867.199951171875,1854.4000244140625,1866.4000244140625,78
2021-06-16,1859.5,1860.0999755859375,1809.199951171875,1859.4000244140625,117
2021-06-17,1773.800048828125,1823.300048828125,1769.5999755859375,1811.800048828125,1135
2021-06-18,1767.9000244140625,1792.4000244140625,1767.9000244140625,1775.699951171875,354
2021-06-21,1781.800048828125,1785.199951171875,1766.800048828125,1768.800048828125,38
2021-06-22,1776.300048828125,1786.9000244140625,1775.9000244140625,1783.4000244140625,101
2021-06-23,1782.300048828125,1793.199951171875,1780.5999755859375,1780.699951171875,136
2021-06-24,1775.5999755859375,1786.4000244140625,1775.5999755859375,1778.9000244140625,78
2021-06-25,1776.5999755859375,1788.0,1775.199951171875,1777.699951171875,35
2021-06-28,1779.5999755859375,1779.5999755859375,1779.5999755859375,1779.5999755859375,888
2021-06-29,1762.800048828125,1777.0999755859375,1752.0999755859375,1776.800048828125,419
2021-06-30,1770.800048828125,1770.800048828125,1759.199951171875,1761.0999755859375,51
2021-07-01,1775.9000244140625,1781.199951171875,1768.800048828125,1775.699951171875,44
2021-07-02,1782.5999755859375,1787.9000244140625,1778.300048828125,1778.699951171875,23
2021-07-06,1793.5,1809.800048828125,1786.699951171875,1786.699951171875,332
2021-07-07,1801.5,1808.4000244140625,1797.199951171875,1798.699951171875,244
2021-07-08,1799.5999755859375,1818.5,1797.0,1797.0,148
2021-07-09,1810.0,1810.0999755859375,1798.800048828125,1803.5999755859375,218
2021-07-12,1805.5,1805.5,1799.5,1802.5999755859375,147
2021-07-13,1809.4000244140625,1812.0,1800.5999755859375,1808.0999755859375,78
2021-07-14,1824.300048828125,1829.0,1813.0999755859375,1813.0999755859375,707
2021-07-15,1828.4000244140625,1833.0,1823.4000244140625,1831.5999755859375,99
2021-07-16,1814.5,1831.4000244140625,1814.5,1830.0999755859375,78
2021-07-19,1808.699951171875,1813.4000244140625,1803.300048828125,1803.300048828125,33
2021-07-20,1810.9000244140625,1824.0,1810.9000244140625,1812.9000244140625,128
2021-07-21,1802.9000244140625,1807.0,1800.0,1807.0,135
2021-07-22,1805.0,1805.0,1793.5999755859375,1793.5999755859375,2
2021-07-23,1801.4000244140625,1801.4000244140625,1800.0,1800.0,1
2021-07-26,1798.699951171875,1802.5,1797.199951171875,1802.5,17
2021-07-27,1799.5,1803.699951171875,1799.5,1803.699951171875,1
2021-07-28,1799.5,1799.5,1799.5,1799.5,209783
2021-07-29,1831.199951171875,1832.5999755859375,1806.0999755859375,1806.5999755859375,30496
2021-07-30,1812.5999755859375,1830.5,1808.9000244140625,1828.0,3100
2021-08-02,1818.0999755859375,1818.699951171875,1804.800048828125,1812.4000244140625,1334
2021-08-03,1810.0999755859375,1813.5,1806.0,1812.300048828125,3341
2021-08-04,1810.5,1831.300048828125,1806.300048828125,1809.300048828125,2860
2021-08-05,1805.0999755859375,1813.699951171875,1796.0,1810.800048828125,588
2021-08-06,1760.0,1800.0999755859375,1758.4000244140625,1799.800048828125,859
2021-08-09,1723.4000244140625,1753.800048828125,1692.5999755859375,1753.5,1621
2021-08-10,1728.800048828125,1735.199951171875,1720.0999755859375,1728.5999755859375,1363
2021-08-11,1750.4000244140625,1752.199951171875,1727.300048828125,1727.300048828125,542
2021-08-12,1749.0,1752.4000244140625,1745.5,1749.699951171875,739
2021-08-13,1775.199951171875,1777.300048828125,1757.4000244140625,1758.300048828125,436
2021-08-16,1786.9000244140625,1787.800048828125,1771.9000244140625,1776.9000244140625,219
2021-08-17,1785.0,1794.199951171875,1780.0,1787.699951171875,200
2021-08-18,1781.5999755859375,1791.5,1779.0,1787.800048828125,263
2021-08-19,1780.199951171875,1789.300048828125,1775.5,1780.0,245
2021-08-20,1781.0,1787.5,1778.199951171875,1784.0999755859375,235
2021-08-23,1803.199951171875,1804.800048828125,1776.800048828125,1776.800048828125,32
2021-08-24,1805.5999755859375,1805.5999755859375,1801.0,1801.0,22
2021-08-25,1788.199951171875,1792.9000244140625,1784.0,1792.0,812
2021-08-26,1792.199951171875,1792.199951171875,1781.0,1787.4000244140625,61
2021-08-27,1816.5999755859375,1816.5999755859375,1803.0999755859375,1803.4000244140625,1219
2021-08-30,1809.0,1820.300048828125,1807.800048828125,1818.199951171875,684
2021-08-31,1815.0,1815.9000244140625,1801.0999755859375,1815.9000244140625,82
2021-09-01,1813.0999755859375,1815.9000244140625,1809.5,1813.5,114
2021-09-02,1808.699951171875,1813.9000244140625,1806.800048828125,1813.199951171875,26
2021-09-03,1830.9000244140625,1833.9000244140625,1818.9000244140625,1820.9000244140625,53
2021-09-07,1795.9000244140625,1825.699951171875,1792.699951171875,1825.699951171875,48
2021-09-08,1790.699951171875,1790.699951171875,1781.699951171875,1781.699951171875,69
2021-09-09,1797.4000244140625,1798.699951171875,1787.9000244140625,1798.699951171875,49
2021-09-10,1789.5999755859375,1789.5999755859375,1789.5999755859375,1789.5999755859375,0
2021-09-13,1792.0,1796.0,1784.0,1789.800048828125,533
2021-09-14,1804.699951171875,1806.199951171875,1783.0,1791.4000244140625,764
2021-09-15,1792.4000244140625,1803.699951171875,1792.4000244140625,1803.699951171875,59
2021-09-16,1754.5999755859375,1792.9000244140625,1743.9000244140625,1792.9000244140625,1645
2021-09-17,1749.4000244140625,1763.0,1749.4000244140625,1758.800048828125,581
2021-09-20,1761.800048828125,1761.800048828125,1750.9000244140625,1751.800048828125,185
2021-09-21,1776.0,1776.0,1759.0,1762.199951171875,106
2021-09-22,1776.699951171875,1784.300048828125,1767.0,1776.699951171875,17
2021-09-23,1747.699951171875,1766.800048828125,1738.199951171875,1766.800048828125,31
2021-09-24,1749.699951171875,1749.699951171875,1745.0,1749.699951171875,76
2021-09-27,1750.0,1754.4000244140625,1747.5,1751.699951171875,808
2021-09-28,1735.800048828125,1741.699951171875,1726.800048828125,1739.5999755859375,15748
2021-09-29,1721.5,1744.0999755859375,1721.4000244140625,1732.4000244140625,6634
2021-09-30,1755.300048828125,1760.300048828125,1724.5,1725.5,997
2021-10-01,1757.0,1762.5999755859375,1748.5,1754.300048828125,2220
2021-10-04,1766.199951171875,1768.9000244140625,1749.5,1764.5,417
2021-10-05,1759.5999755859375,1764.300048828125,1749.0,1764.300048828125,98
2021-10-06,1760.5,1762.9000244140625,1744.699951171875,1759.300048828125,56
2021-10-07,1757.9000244140625,1762.4000244140625,1752.800048828125,1762.4000244140625,336
2021-10-08,1756.300048828125,1780.0,1754.199951171875,1757.0,254
2021-10-11,1754.5999755859375,1757.800048828125,1752.199951171875,1756.5999755859375,128
2021-10-12,1758.300048828125,1768.0,1749.800048828125,1751.9000244140625,139
2021-10-13,1793.699951171875,1794.5,1760.800048828125,1760.800048828125,150
2021-10-14,1796.699951171875,1799.9000244140625,1792.0,1792.199951171875,337
2021-10-15,1767.199951171875,1795.4000244140625,1766.5999755859375,1794.5,874
2021-10-18,1764.800048828125,1770.0999755859375,1759.5,1761.5999755859375,266
2021-10-19,1769.699951171875,1785.0,1767.5,1777.5999755859375,51
2021-10-20,1784.0999755859375,1785.5999755859375,1774.0,1774.5999755859375,127
2021-10-21,1781.199951171875,1785.699951171875,1781.0,1782.0,146
2021-10-22,1795.5,1806.9000244140625,1784.0,1787.0999755859375,532
2021-10-25,1806.0,1809.0,1794.0,1794.300048828125,140
2021-10-26,1792.699951171875,1808.800048828125,1788.5999755859375,1808.800048828125,359
2021-10-27,1797.9000244140625,1798.0999755859375,1791.5,1791.5,543
2021-10-28,1801.5999755859375,1807.300048828125,1795.5,1795.5,452
2021-10-29,1783.0,1797.0,1774.5999755859375,1793.0999755859375,583
2021-11-01,1795.0999755859375,1795.0999755859375,1786.699951171875,1787.5,142
2021-11-02,1788.699951171875,1795.5,1787.699951171875,1790.5,213
2021-11-03,1763.5999755859375,1768.0,1761.800048828125,1768.0,108
2021-11-04,1793.0,1798.199951171875,1776.199951171875,1776.5999755859375,103
2021-11-05,1816.4000244140625,1817.0999755859375,1794.9000244140625,1794.9000244140625,239
2021-11-08,1827.4000244140625,1827.4000244140625,1816.9000244140625,1817.0,261
2021-11-09,1830.199951171875,1832.699951171875,1820.699951171875,1826.0999755859375,170
2021-11-10,1847.5999755859375,1865.0,1824.9000244140625,1825.800048828125,795
2021-11-11,1863.199951171875,1866.5,1853.9000244140625,1853.9000244140625,292
2021-11-12,1867.9000244140625,1867.9000244140625,1847.5999755859375,1860.800048828125,210
2021-11-15,1866.0999755859375,1866.9000244140625,1864.5,1864.5,87
2021-11-16,1853.5999755859375,1853.5999755859375,1853.5999755859375,1853.5999755859375,1
2021-11-17,1869.699951171875,1869.699951171875,1862.5999755859375,1862.5999755859375,2
2021-11-18,1861.0,1861.0,1861.0,1861.0,9
2021-11-19,1851.199951171875,1851.199951171875,1851.199951171875,1851.199951171875,21
2021-11-22,1806.0,1841.5999755859375,1805.699951171875,1841.5999755859375,14
2021-11-23,1783.5,1795.5,1783.5,1795.5,264
2021-11-24,1784.0999755859375,1793.0,1781.4000244140625,1793.0,188
2021-11-26,1785.300048828125,1791.4000244140625,1785.300048828125,1791.0999755859375,186800
2021-11-29,1782.300048828125,1798.9000244140625,1779.0999755859375,1791.699951171875,26926
2021-11-30,1773.5999755859375,1808.0999755859375,1768.699951171875,1783.9000244140625,4903
2021-12-01,1781.5999755859375,1790.5,1772.300048828125,1774.800048828125,1128
2021-12-02,1760.699951171875,1780.9000244140625,1760.5999755859375,1780.9000244140625,1557
2021-12-03,1782.0,1785.0999755859375,1766.5,1767.5,694
2021-12-06,1777.5,1783.0,1777.199951171875,1780.199951171875,381
2021-12-07,1782.5999755859375,1786.0999755859375,1772.300048828125,1779.5,308
2021-12-08,1783.4000244140625,1789.9000244140625,1779.0,1789.9000244140625,1383
2021-12-09,1774.5999755859375,1783.5,1771.800048828125,1783.5,455
2021-12-10,1782.9000244140625,1785.4000244140625,1769.0999755859375,1773.800048828125,545
2021-12-13,1786.300048828125,1787.0999755859375,1783.800048828125,1784.4000244140625,206
2021-12-14,1770.4000244140625,1787.0,1769.0,1787.0,322
2021-12-15,1762.5999755859375,1778.699951171875,1753.9000244140625,1767.4000244140625,283
2021-12-16,1796.5999755859375,1798.0999755859375,1781.0,1781.0,21
2021-12-17,1803.800048828125,1812.9000244140625,1803.800048828125,1804.0,654
2021-12-20,1793.699951171875,1799.800048828125,1792.0,1796.800048828125,226
2021-12-21,1787.9000244140625,1796.5,1787.9000244140625,1791.4000244140625,575
2021-12-22,1801.5999755859375,1805.199951171875,1785.5,1786.0,567
2021-12-23,1811.199951171875,1811.199951171875,1800.800048828125,1806.0,193
2021-12-27,1808.0999755859375,1812.0999755859375,1807.0,1810.0,150
2021-12-28,1810.199951171875,1818.0,1805.5,1812.0,146
2021-12-29,1805.0999755859375,1805.0999755859375,1791.4000244140625,1803.199951171875,623
2021-12-30,1812.699951171875,1816.0,1796.0,1801.699951171875,306
2021-12-31,1827.5,1827.800048828125,1821.4000244140625,1825.0999755859375,80
2022-01-03,1799.4000244140625,1830.0999755859375,1798.800048828125,1830.0999755859375,116
2022-01-04,1814.0,1815.300048828125,1800.0,1800.5,38
2022-01-05,1824.5999755859375,1824.5999755859375,1813.0999755859375,1813.0999755859375,8
2022-01-06,1788.699951171875,1791.300048828125,1787.0999755859375,1787.0999755859375,30
2022-01-07,1797.0,1797.0,1784.4000244140625,1791.800048828125,17
2022-01-10,1798.4000244140625,1798.699951171875,1790.4000244140625,1794.9000244140625,534
2022-01-11,1818.5999755859375,1822.5,1803.0,1803.9000244140625,743
2022-01-12,1827.199951171875,1827.199951171875,1816.9000244140625,1819.0,1547
2022-01-13,1821.199951171875,1823.0,1815.4000244140625,1819.800048828125,40
2022-01-14,1816.5,1822.0,1816.5,1821.5,816
2022-01-18,1812.300048828125,1820.0999755859375,1812.300048828125,1816.800048828125,900
2022-01-19,1843.0999755859375,1843.0999755859375,1817.4000244140625,1817.4000244140625,4
2022-01-20,1842.5,1843.0,1838.199951171875,1840.5999755859375,20
2022-01-21,1831.800048828125,1842.4000244140625,1828.9000244140625,1838.0,19
2022-01-24,1841.699951171875,1842.0999755859375,1837.9000244140625,1837.9000244140625,8
2022-01-25,1852.699951171875,1852.699951171875,1842.0,1843.0,11
2022-01-26,1829.9000244140625,1829.9000244140625,1829.9000244140625,1829.9000244140625,55
2022-01-27,1793.300048828125,1793.300048828125,1793.300048828125,1793.300048828125,196036
2022-01-28,1784.9000244140625,1798.4000244140625,1778.800048828125,1797.5,28521
2022-01-31,1795.0,1798.5,1785.0999755859375,1788.5,1735
2022-02-01,1800.300048828125,1806.0999755859375,1797.0999755859375,1797.199951171875,223
2022-02-02,1809.199951171875,1810.0999755859375,1795.0999755859375,1797.800048828125,1690
2022-02-03,1803.0,1808.0999755859375,1787.9000244140625,1805.800048828125,466
2022-02-04,1806.5999755859375,1813.699951171875,1792.5,1806.0,571
2022-02-07,1820.5999755859375,1821.300048828125,1809.0999755859375,1812.199951171875,601
2022-02-08,1826.5999755859375,1827.5999755859375,1815.0,1818.9000244140625,108
2022-02-09,1835.199951171875,1835.199951171875,1825.300048828125,1825.4000244140625,683
2022-02-10,1836.199951171875,1842.0999755859375,1820.800048828125,1833.300048828125,365
2022-02-11,1840.800048828125,1864.800048828125,1822.0,1822.0,181
2022-02-14,1868.0,1870.5999755859375,1854.5999755859375,1861.800048828125,79
2022-02-15,1854.800048828125,1879.699951171875,1847.4000244140625,1872.5999755859375,86
2022-02-16,1870.199951171875,1870.199951171875,1856.300048828125,1858.699951171875,34
2022-02-17,1900.699951171875,1900.699951171875,1876.199951171875,1876.300048828125,393
2022-02-18,1898.5999755859375,1899.4000244140625,1890.699951171875,1899.4000244140625,51
2022-02-22,1906.0999755859375,1912.0,1890.800048828125,1908.0999755859375,173
2022-02-23,1909.199951171875,1910.5999755859375,1895.699951171875,1896.5999755859375,73
2022-02-24,1925.0999755859375,1972.5,1911.699951171875,1911.9000244140625,2706
2022-02-25,1886.5,1920.0,1883.5999755859375,1906.9000244140625,586
2022-02-28,1899.4000244140625,1928.4000244140625,1894.199951171875,1928.300048828125,390
2022-03-01,1942.4000244140625,1942.4000244140625,1903.800048828125,1908.300048828125,547
2022-03-02,1920.9000244140625,1948.199951171875,1919.800048828125,1945.5999755859375,109
2022-03-03,1934.4000244140625,1940.300048828125,1924.800048828125,1930.5,122
2022-03-04,1965.0999755859375,1970.9000244140625,1935.5999755859375,1937.0,47
2022-03-07,1993.9000244140625,2001.0999755859375,1963.0,1989.0,2516
2022-03-08,2040.0999755859375,2072.0,1998.0,1999.4000244140625,1813
2022-03-09,1985.9000244140625,2063.0,1980.800048828125,2053.60009765625,1022
2022-03-10,1998.0999755859375,2010.5,1978.0999755859375,1978.0999755859375,670
2022-03-11,1982.699951171875,1996.0,1959.9000244140625,1985.0,865
2022-03-14,1959.5999755859375,1977.699951171875,1959.5999755859375,1976.5,145
2022-03-15,1928.5,1939.9000244140625,1910.699951171875,1939.800048828125,71
2022-03-16,1908.0,1922.4000244140625,1907.199951171875,1922.4000244140625,104
2022-03-17,1942.0999755859375,1947.199951171875,1933.9000244140625,1933.9000244140625,39
2022-03-18,1928.199951171875,1939.300048828125,1928.199951171875,1934.5,28
2022-03-21,1928.5999755859375,1928.5999755859375,1925.0,1925.4000244140625,5
2022-03-22,1920.699951171875,1920.699951171875,1920.699951171875,1920.699951171875,26
2022-03-23,1936.5999755859375,1936.5999755859375,1936.5999755859375,1936.5999755859375,204
2022-03-24,1961.5999755859375,1964.0,1961.5999755859375,1963.5999755859375,8
2022-03-25,1953.800048828125,1953.800048828125,1953.800048828125,1953.800048828125,83
2022-03-28,1939.5999755859375,1939.5999755859375,1932.5999755859375,1932.5999755859375,7
2022-03-29,1912.0,1912.0,1893.5,1893.5,128051
2022-03-30,1933.5,1937.0,1914.5,1918.4000244140625,17765
2022-03-31,1949.199951171875,1949.9000244140625,1919.0999755859375,1933.5,3617
2022-04-01,1919.0999755859375,1938.0,1917.0,1935.0,1016
2022-04-04,1929.199951171875,1936.0999755859375,1915.5999755859375,1921.199951171875,371
2022-04-05,1922.9000244140625,1943.5,1918.4000244140625,1927.0999755859375,412
2022-04-06,1918.4000244140625,1931.800048828125,1916.699951171875,1916.699951171875,138
2022-04-07,1933.800048828125,1934.800048828125,1919.5,1919.5,311
2022-04-08,1941.5999755859375,1947.699951171875,1928.800048828125,1928.800048828125,153
2022-04-11,1944.300048828125,1968.4000244140625,1941.800048828125,1946.5999755859375,163
2022-04-12,1972.0999755859375,1977.0999755859375,1950.5999755859375,1952.5,246
2022-04-13,1981.0,1981.0,1969.5,1969.5,204
2022-04-14,1970.9000244140625,1978.699951171875,1963.0,1977.199951171875,101
2022-04-18,1982.9000244140625,1997.0999755859375,1972.800048828125,1973.4000244140625,196
2022-04-19,1955.699951171875,1978.300048828125,1945.699951171875,1973.800048828125,130
2022-04-20,1952.300048828125,1953.5999755859375,1945.5,1945.5,621
2022-04-21,1944.9000244140625,1944.9000244140625,1942.5,1942.5,4
2022-04-22,1931.0,1950.4000244140625,1930.199951171875,1949.5999755859375,178
2022-04-25,1893.199951171875,1925.0,1889.300048828125,1925.0,748
2022-04-26,1901.4000244140625,1909.0999755859375,1894.0,1900.5,302
2022-04-27,1885.9000244140625,1900.5999755859375,1882.199951171875,1897.800048828125,1786
2022-04-28,1888.699951171875,1893.0,1872.9000244140625,1883.800048828125,513
2022-04-29,1909.300048828125,1918.199951171875,1902.4000244140625,1902.699951171875,132
2022-05-02,1861.800048828125,1896.800048828125,1853.0,1896.699951171875,385
2022-05-03,1868.800048828125,1868.800048828125,1868.800048828125,1868.800048828125,466
2022-05-04,1867.0,1867.0,1867.0,1867.0,1
2022-05-05,1874.0,1904.300048828125,1874.0,1897.0,80
2022-05-06,1881.199951171875,1890.300048828125,1871.5,1874.699951171875,214
2022-05-09,1857.0999755859375,1867.5,1854.0,1866.5999755859375,304
2022-05-10,1839.9000244140625,1839.9000244140625,1839.9000244140625,1839.9000244140625,1540
2022-05-11,1852.5999755859375,1852.5999755859375,1841.0,1841.5,892
2022-05-12,1823.800048828125,1851.9000244140625,1822.199951171875,1849.800048828125,153
2022-05-13,1807.4000244140625,1825.0,1807.4000244140625,1825.0,335
2022-05-16,1813.5,1813.5,1787.0,1790.5,34
2022-05-17,1818.199951171875,1828.5999755859375,1816.699951171875,1824.9000244140625,121
2022-05-18,1815.9000244140625,1819.699951171875,1805.0,1815.0,311
2022-05-19,1841.199951171875,1841.199951171875,1810.699951171875,1810.9000244140625,138
2022-05-20,1841.800048828125,1841.800048828125,1836.300048828125,1839.0999755859375,110
2022-05-23,1847.800048828125,1863.0,1845.800048828125,1846.300048828125,216
2022-05-24,1865.0999755859375,1867.0,1852.5,1852.5,33
2022-05-25,1846.199951171875,1846.199951171875,1846.199951171875,1846.199951171875,0
2022-05-26,1847.4000244140625,1847.4000244140625,1840.4000244140625,1840.4000244140625,123355
2022-05-27,1851.300048828125,1860.699951171875,1845.9000244140625,1848.300048828125,30091
2022-05-31,1842.699951171875,1862.0999755859375,1832.800048828125,1850.300048828125,4073
2022-06-01,1843.300048828125,1847.9000244140625,1825.300048828125,1831.0,1623
2022-06-02,1866.5,1868.699951171875,1842.0999755859375,1845.4000244140625,551
2022-06-03,1845.4000244140625,1871.800048828125,1845.4000244140625,1867.5999755859375,53
2022-06-06,1839.199951171875,1854.0999755859375,1839.199951171875,1849.0,142
2022-06-07,1847.5,1851.5999755859375,1835.0,1836.9000244140625,1168
2022-06-08,1851.9000244140625,1855.0,1844.4000244140625,1844.800048828125,218
2022-06-09,1848.800048828125,1850.0999755859375,1837.9000244140625,1846.0999755859375,159
2022-06-10,1871.5,1875.5999755859375,1823.9000244140625,1842.699951171875,1490
2022-06-13,1828.0,1873.800048828125,1818.699951171875,1873.800048828125,127
2022-06-14,1809.5,1825.5,1805.300048828125,1825.0,536
2022-06-15,1815.300048828125,1839.0,1810.800048828125,1814.0999755859375,108
2022-06-16,1845.699951171875,1850.5999755859375,1814.9000244140625,1819.199951171875,136
2022-06-17,1835.5999755859375,1853.699951171875,1833.5999755859375,1853.699951171875,170
2022-06-21,1834.5999755859375,1838.5999755859375,1830.0999755859375,1835.300048828125,216
2022-06-22,1834.300048828125,1842.699951171875,1821.5999755859375,1829.5,115
2022-06-23,1825.699951171875,1841.199951171875,1825.699951171875,1835.5,9
2022-06-24,1826.5,1826.5,1815.800048828125,1820.5,61
2022-06-27,1820.9000244140625,1830.699951171875,1819.9000244140625,1830.5,77
2022-06-28,1817.5,1826.0,1817.5,1824.199951171875,391
2022-06-29,1813.699951171875,1830.300048828125,1812.800048828125,1818.300048828125,173
2022-06-30,1804.0999755859375,1817.300048828125,1801.0,1809.5999755859375,328
2022-07-01,1798.9000244140625,1806.0999755859375,1791.5999755859375,1795.5,77
2022-07-05,1761.800048828125,1805.4000244140625,1761.800048828125,1805.4000244140625,64
2022-07-06,1734.9000244140625,1768.0,1734.0,1762.5,1729
2022-07-07,1737.9000244140625,1745.199951171875,1737.0,1745.199951171875,1869
2022-07-08,1740.5999755859375,1749.300048828125,1732.0999755859375,1738.0999755859375,370
2022-07-11,1730.0,1736.699951171875,1730.0,1732.5,75
2022-07-12,1723.300048828125,1735.5,1723.300048828125,1734.199951171875,451
2022-07-13,1734.199951171875,1734.199951171875,1710.0,1710.0,368
2022-07-14,1704.5,1710.5,1704.5,1710.300048828125,1289
2022-07-15,1702.4000244140625,1709.699951171875,1701.0999755859375,1705.4000244140625,721
2022-07-18,1709.199951171875,1712.4000244140625,1709.199951171875,1712.199951171875,264
2022-07-19,1710.0,1714.4000244140625,1706.0999755859375,1712.300048828125,1684
2022-07-20,1699.5,1708.5,1699.5,1707.0999755859375,130
2022-07-21,1712.699951171875,1715.5,1679.800048828125,1687.0,183
2022-07-22,1727.0999755859375,1735.0,1713.0,1713.300048828125,61
2022-07-25,1719.0,1732.0,1719.0,1727.0,67
2022-07-26,1717.699951171875,1718.0,1717.699951171875,1718.0,1
2022-07-27,1719.0999755859375,1719.0999755859375,1719.0999755859375,1719.0999755859375,144865
2022-07-28,1750.300048828125,1755.0,1732.0,1732.300048828125,37236
2022-07-29,1762.9000244140625,1765.699951171875,1750.0,1754.0,3485
2022-08-01,1769.0,1772.5,1756.0999755859375,1763.9000244140625,705
2022-08-02,1771.0999755859375,1786.5999755859375,1759.4000244140625,1772.0999755859375,1078
2022-08-03,1758.0,1770.5,1753.0,1756.699951171875,399
2022-08-04,1788.5,1792.0999755859375,1767.699951171875,1769.4000244140625,285
2022-08-05,1772.9000244140625,1791.4000244140625,1764.199951171875,1791.199951171875,645
2022-08-08,1786.800048828125,1786.800048828125,1771.800048828125,1771.800048828125,127
2022-08-09,1794.0,1796.0999755859375,1789.0,1790.0,249
2022-08-10,1795.5999755859375,1804.9000244140625,1787.800048828125,1804.4000244140625,601
2022-08-11,1789.699951171875,1794.300048828125,1785.699951171875,1794.300048828125,1235
2022-08-12,1798.5999755859375,1800.4000244140625,1784.300048828125,1786.300048828125,187
2022-08-15,1781.4000244140625,1799.0,1774.699951171875,1799.0,64
2022-08-16,1773.199951171875,1777.4000244140625,1771.4000244140625,1777.4000244140625,308
2022-08-17,1760.300048828125,1769.699951171875,1760.0,1769.699951171875,23
2022-08-18,1755.300048828125,1762.9000244140625,1753.4000244140625,1762.9000244140625,321
2022-08-19,1747.5999755859375,1754.300048828125,1747.5,1753.699951171875,49
2022-08-22,1734.0,1740.5,1726.5,1740.5,347
2022-08-23,1746.800048828125,1748.9000244140625,1731.9000244140625,1738.0,509
2022-08-24,1747.800048828125,1751.800048828125,1743.5999755859375,1745.0,187
2022-08-25,1757.699951171875,1761.800048828125,1755.0,1761.5999755859375,172
2022-08-26,1736.0999755859375,1755.0,1736.0999755859375,1754.0,202
2022-08-29,1736.5999755859375,1741.199951171875,1732.0999755859375,1732.4000244140625,950
2022-08-30,1723.199951171875,1739.0,1720.699951171875,1736.4000244140625,385
2022-08-31,1712.800048828125,1720.9000244140625,1708.5,1718.300048828125,2133
2022-09-01,1696.5999755859375,1707.9000244140625,1693.9000244140625,1707.9000244140625,683
2022-09-02,1709.800048828125,1715.699951171875,1703.0999755859375,1703.4000244140625,182
2022-09-06,1700.4000244140625,1717.4000244140625,1699.699951171875,1709.699951171875,697
2022-09-07,1715.300048828125,1715.300048828125,1694.699951171875,1694.800048828125,651
2022-09-08,1708.0,1718.199951171875,1705.300048828125,1718.199951171875,1193
2022-09-09,1716.199951171875,1720.0,1712.800048828125,1719.199951171875,635
2022-09-12,1728.0999755859375,1728.0999755859375,1727.4000244140625,1727.4000244140625,68
2022-09-13,1705.0,1720.5,1697.300048828125,1720.5,432
2022-09-14,1696.5,1701.800048828125,1696.5,1698.699951171875,532
2022-09-15,1665.4000244140625,1686.0,1662.300048828125,1685.5,1125
2022-09-16,1671.699951171875,1674.9000244140625,1651.699951171875,1660.4000244140625,464
2022-09-19,1666.199951171875,1669.4000244140625,1658.5,1661.800048828125,580
2022-09-20,1659.699951171875,1659.699951171875,1659.699951171875,1659.699951171875,2830
2022-09-21,1664.5999755859375,1680.0999755859375,1664.5999755859375,1665.5,2337
2022-09-22,1670.800048828125,1670.800048828125,1668.300048828125,1668.300048828125,973
2022-09-23,1645.300048828125,1667.0,1645.300048828125,1667.0,1224
2022-09-26,1623.300048828125,1623.300048828125,1623.300048828125,1623.300048828125,1205
2022-09-27,1626.699951171875,1636.5999755859375,1626.699951171875,1632.199951171875,888
2022-09-28,1660.4000244140625,1660.4000244140625,1620.4000244140625,1620.4000244140625,18311
2022-09-29,1658.5,1662.5999755859375,1640.0,1657.0,6028
2022-09-30,1662.4000244140625,1672.699951171875,1658.0,1661.699951171875,548
2022-10-03,1692.9000244140625,1700.0,1661.9000244140625,1667.199951171875,410
2022-10-04,1721.0999755859375,1728.0,1696.0,1701.199951171875,291
2022-10-05,1711.4000244140625,1726.5999755859375,1703.0,1724.0999755859375,418
2022-10-06,1711.699951171875,1723.300048828125,1709.0999755859375,1721.0,133
2022-10-07,1700.5,1710.0999755859375,1693.699951171875,1710.0999755859375,179
2022-10-10,1667.300048828125,1693.4000244140625,1667.0,1693.4000244140625,195
2022-10-11,1678.699951171875,1678.699951171875,1661.0,1661.800048828125,167
2022-10-12,1670.300048828125,1672.699951171875,1668.0,1668.0,149
2022-10-13,1670.0,1675.300048828125,1641.5,1675.199951171875,729
2022-10-14,1641.699951171875,1667.0,1640.0,1665.300048828125,82
2022-10-17,1657.0,1657.0,1646.800048828125,1650.199951171875,238
2022-10-18,1649.0,1655.199951171875,1649.0,1651.4000244140625,597
2022-10-19,1627.5,1637.5,1627.5,1637.5,84
2022-10-20,1630.800048828125,1641.4000244140625,1622.800048828125,1622.800048828125,477
2022-10-21,1651.0,1653.9000244140625,1634.0999755859375,1634.0999755859375,224
2022-10-24,1648.699951171875,1662.699951171875,1648.699951171875,1662.699951171875,29
2022-10-25,1652.800048828125,1652.800048828125,1637.300048828125,1648.199951171875,880
2022-10-26,1664.0,1667.0,1649.800048828125,1649.800048828125,89
2022-10-27,1660.699951171875,1660.699951171875,1660.699951171875,1660.699951171875,2298
2022-10-28,1639.5999755859375,1661.0,1638.699951171875,1661.0,626
2022-10-31,1635.9000244140625,1641.800048828125,1633.4000244140625,1641.800048828125,522
2022-11-01,1645.0,1653.699951171875,1630.800048828125,1630.800048828125,985
2022-11-02,1645.699951171875,1664.699951171875,1634.0,1650.800048828125,612
2022-11-03,1627.300048828125,1629.199951171875,1615.0999755859375,1629.199951171875,1427
2022-11-04,1672.5,1674.5,1629.0,1630.199951171875,159
2022-11-07,1676.5,1677.9000244140625,1672.9000244140625,1676.9000244140625,42
2022-11-08,1712.0999755859375,1712.0999755859375,1703.199951171875,1703.199951171875,23
2022-11-09,1710.0999755859375,1720.199951171875,1706.0,1707.4000244140625,497
2022-11-10,1750.300048828125,1750.300048828125,1708.199951171875,1708.199951171875,325
2022-11-11,1766.0,1766.0,1757.5999755859375,1763.800048828125,257
2022-11-14,1773.5999755859375,1773.5999755859375,1761.5999755859375,1762.0,358
2022-11-15,1773.800048828125,1773.800048828125,1769.9000244140625,1770.800048828125,57
2022-11-16,1773.0,1778.9000244140625,1773.0,1776.5999755859375,303
2022-11-17,1760.800048828125,1763.0,1756.0,1763.0,18
2022-11-18,1751.9000244140625,1763.300048828125,1747.5999755859375,1763.300048828125,414
2022-11-21,1737.4000244140625,1744.9000244140625,1736.0999755859375,1739.0,544
2022-11-22,1738.300048828125,1741.699951171875,1738.300048828125,1741.699951171875,15
2022-11-23,1744.9000244140625,1750.9000244140625,1736.5,1736.5,39
2022-11-25,1753.300048828125,1757.9000244140625,1749.199951171875,1753.0,216
2022-11-28,1740.0999755859375,1741.300048828125,1740.0999755859375,1741.300048828125,132767
2022-11-29,1748.4000244140625,1758.199951171875,1737.9000244140625,1739.5,19416
2022-11-30,1746.0,1769.4000244140625,1745.0999755859375,1748.0999755859375,3339
2022-12-01,1801.0999755859375,1803.699951171875,1768.699951171875,1768.699951171875,1053
2022-12-02,1795.9000244140625,1802.300048828125,1779.4000244140625,1802.0,1725
2022-12-05,1767.4000244140625,1808.0,1764.300048828125,1795.699951171875,1713
2022-12-06,1769.300048828125,1779.4000244140625,1767.9000244140625,1768.5999755859375,105
2022-12-07,1785.5,1790.300048828125,1769.300048828125,1769.300048828125,422
2022-12-08,1788.699951171875,1790.9000244140625,1782.0,1782.0,713
2022-12-09,1798.0999755859375,1804.300048828125,1791.0999755859375,1794.9000244140625,125
2022-12-12,1780.5,1793.9000244140625,1777.699951171875,1787.300048828125,85
2022-12-13,1813.9000244140625,1819.800048828125,1780.5,1780.699951171875,205
2022-12-14,1807.5,1812.800048828125,1797.9000244140625,1810.800048828125,1074
2022-12-15,1777.199951171875,1801.0,1774.800048828125,1801.0,421
2022-12-16,1790.0,1791.4000244140625,1777.9000244140625,1777.9000244140625,206
2022-12-19,1787.699951171875,1796.300048828125,1785.5999755859375,1791.5999755859375,79
2022-12-20,1815.9000244140625,1821.4000244140625,1786.5,1786.5,51
2022-12-21,1815.9000244140625,1821.4000244140625,1814.4000244140625,1817.4000244140625,35
2022-12-22,1787.0,1818.0999755859375,1785.0,1818.0999755859375,411
2022-12-23,1795.9000244140625,1802.800048828125,1794.0999755859375,1794.300048828125,49
2022-12-27,1814.800048828125,1826.300048828125,1803.4000244140625,1803.4000244140625,69
2022-12-28,1807.9000244140625,1807.9000244140625,1803.0999755859375,1803.199951171875,434
2022-12-29,1819.5,1819.5,1805.800048828125,1805.800048828125,277
2022-12-30,1819.699951171875,1822.300048828125,1816.800048828125,1817.0,95
2023-01-03,1839.699951171875,1839.699951171875,1836.199951171875,1836.199951171875,29
2023-01-04,1852.800048828125,1859.0999755859375,1845.5999755859375,1845.5999755859375,25
2023-01-05,1834.800048828125,1855.199951171875,1834.800048828125,1855.199951171875,24
2023-01-06,1864.199951171875,1868.199951171875,1835.300048828125,1838.4000244140625,26
2023-01-09,1872.699951171875,1880.0,1867.0,1867.0,62
2023-01-10,1871.5999755859375,1878.0999755859375,1871.5999755859375,1877.800048828125,101
2023-01-11,1874.5999755859375,1877.800048828125,1873.0999755859375,1873.0999755859375,1236
2023-01-12,1895.5,1897.4000244140625,1877.199951171875,1877.199951171875,59
2023-01-13,1918.4000244140625,1920.9000244140625,1898.300048828125,1899.0,512
2023-01-17,1907.199951171875,1920.0999755859375,1905.199951171875,1920.0999755859375,706
2023-01-18,1904.4000244140625,1911.0999755859375,1903.0999755859375,1911.0999755859375,1027
2023-01-19,1922.0999755859375,1931.800048828125,1922.0999755859375,1922.0999755859375,371
2023-01-20,1926.4000244140625,1928.5,1921.4000244140625,1922.0999755859375,1346
2023-01-23,1927.0999755859375,1927.0999755859375,1915.0,1926.5,218
2023-01-24,1933.9000244140625,1936.800048828125,1931.800048828125,1931.800048828125,201
2023-01-25,1941.199951171875,1941.199951171875,1939.800048828125,1941.199951171875,7
2023-01-26,1929.0999755859375,1937.0999755859375,1927.0999755859375,1936.5999755859375,131
2023-01-27,1928.5999755859375,1928.5999755859375,1928.5999755859375,1928.5999755859375,150902
2023-01-30,1922.9000244140625,1933.5999755859375,1920.300048828125,1928.300048828125,27220
2023-01-31,1929.5,1930.4000244140625,1900.5999755859375,1923.0,1910
2023-02-01,1927.800048828125,1955.0,1922.0,1927.199951171875,2290
2023-02-02,1916.300048828125,1959.0999755859375,1911.300048828125,1952.300048828125,748
2023-02-03,1862.9000244140625,1917.0,1861.5,1912.4000244140625,992
2023-02-06,1866.199951171875,1880.0,1863.4000244140625,1865.5999755859375,424
2023-02-07,1871.699951171875,1875.699951171875,1868.0,1870.0,297
2023-02-08,1877.4000244140625,1880.4000244140625,1872.0999755859375,1872.0999755859375,230
2023-02-09,1866.199951171875,1884.5999755859375,1859.800048828125,1875.300048828125,223
2023-02-10,1862.800048828125,1863.5,1852.4000244140625,1861.5999755859375,27
2023-02-13,1851.9000244140625,1861.0,1850.0,1859.0,569
2023-02-14,1854.0,1862.0,1846.199951171875,1854.0999755859375,656
2023-02-15,1834.199951171875,1842.0,1828.199951171875,1842.0,368
2023-02-16,1842.0,1843.699951171875,1827.199951171875,1838.5999755859375,222
2023-02-17,1840.4000244140625,1842.199951171875,1818.4000244140625,1827.4000244140625,35
2023-02-21,1833.0,1843.0,1833.0,1842.5999755859375,862
2023-02-22,1832.0,1836.199951171875,1825.0999755859375,1835.699951171875,278
2023-02-23,1818.0,1827.5,1818.0,1826.4000244140625,291
2023-02-24,1808.800048828125,1808.800048828125,1808.800048828125,1808.800048828125,404
2023-02-27,1817.0,1817.5,1808.9000244140625,1811.5999755859375,829
2023-02-28,1828.9000244140625,1830.0,1808.0999755859375,1808.0999755859375,618
2023-03-01,1837.699951171875,1841.699951171875,1827.0999755859375,1827.0999755859375,211
2023-03-02,1833.5,1836.300048828125,1830.0,1830.0,154
2023-03-03,1847.699951171875,1855.4000244140625,1837.300048828125,1837.300048828125,61
2023-03-06,1847.9000244140625,1853.800048828125,1844.199951171875,1853.300048828125,5
2023-03-07,1813.9000244140625,1840.9000244140625,1813.9000244140625,1840.9000244140625,450
2023-03-08,1812.699951171875,1812.9000244140625,1811.5,1811.5999755859375,75
2023-03-09,1829.300048828125,1829.300048828125,1815.5999755859375,1816.4000244140625,332
2023-03-10,1862.0,1868.5,1852.0,1852.300048828125,248
2023-03-13,1911.699951171875,1913.0999755859375,1875.0999755859375,1890.800048828125,503
2023-03-14,1906.199951171875,1912.199951171875,1901.0999755859375,1912.199951171875,107
2023-03-15,1926.5999755859375,1926.5999755859375,1898.5,1903.9000244140625,564
2023-03-16,1919.0,1931.699951171875,1909.9000244140625,1909.9000244140625,394
2023-03-17,1969.800048828125,1985.0999755859375,1946.0,1946.0,82
2023-03-20,1979.199951171875,2003.9000244140625,1968.9000244140625,1988.300048828125,389
2023-03-21,1938.0,1973.800048828125,1938.0,1973.800048828125,47
2023-03-22,1946.800048828125,1974.0,1946.800048828125,1946.800048828125,50
2023-03-23,1993.800048828125,1994.5999755859375,1990.5,1990.5,33
2023-03-24,1982.0999755859375,1995.4000244140625,1982.0999755859375,1991.699951171875,19
2023-03-27,1952.4000244140625,1957.199951171875,1952.4000244140625,1957.199951171875,877
2023-03-28,1972.4000244140625,1972.4000244140625,1972.4000244140625,1972.4000244140625,21
2023-03-29,1966.0999755859375,1966.0999755859375,1966.0999755859375,1966.0999755859375,88563
2023-03-30,1980.300048828125,1984.4000244140625,1954.9000244140625,1965.9000244140625,10119
2023-03-31,1969.0,1986.800048828125,1968.0,1981.300048828125,957
2023-04-03,1983.9000244140625,1991.699951171875,1950.0,1968.0999755859375,737
2023-04-04,2022.199951171875,2027.0999755859375,1979.0,1984.5999755859375,811
2023-04-05,2020.9000244140625,2033.800048828125,2013.5999755859375,2022.0999755859375,525
2023-04-06,2011.9000244140625,2023.300048828125,2005.0,2022.199951171875,0
2023-04-10,1989.0999755859375,2006.5999755859375,1984.0,2000.0,652
2023-04-11,2004.800048828125,2006.5,1991.4000244140625,1991.4000244140625,68
2023-04-12,2010.9000244140625,2025.699951171875,2005.199951171875,2005.199951171875,172
2023-04-13,2041.300048828125,2048.60009765625,2015.5999755859375,2015.5999755859375,1043
2023-04-14,2002.199951171875,2047.800048828125,1995.0,2041.0,718
2023-04-17,1994.199951171875,2007.5999755859375,1983.199951171875,2002.699951171875,554
2023-04-18,2007.4000244140625,2007.4000244140625,1996.9000244140625,1996.9000244140625,72
2023-04-19,1995.199951171875,2006.4000244140625,1969.800048828125,2005.699951171875,61
2023-04-20,2007.5999755859375,2007.5999755859375,1998.0,1998.0,164
2023-04-21,1979.5,1996.199951171875,1974.0999755859375,1996.199951171875,132
2023-04-24,1989.0999755859375,1989.800048828125,1977.4000244140625,1981.300048828125,145
2023-04-25,1994.0,1999.0999755859375,1982.300048828125,1995.699951171875,306
2023-04-26,1985.699951171875,1998.800048828125,1985.5999755859375,1997.800048828125,615
2023-04-27,1989.9000244140625,2002.300048828125,1979.9000244140625,1990.5999755859375,355
2023-04-28,1990.0999755859375,1990.0999755859375,1977.699951171875,1986.9000244140625,152
2023-05-01,1983.4000244140625,2005.0,1976.9000244140625,1980.0999755859375,210
2023-05-02,2014.300048828125,2018.0,1994.699951171875,1994.699951171875,1896
2023-05-03,2028.5999755859375,2035.0999755859375,2015.199951171875,2017.0999755859375,1349
2023-05-04,2048.0,2072.0,2040.0,2045.0,930
2023-05-05,2017.4000244140625,2046.4000244140625,2004.300048828125,2046.4000244140625,59
2023-05-08,2026.300048828125,2026.300048828125,2022.5,2022.5,3
2023-05-09,2036.199951171875,2037.300048828125,2025.9000244140625,2026.5999755859375,241
2023-05-10,2030.5,2044.300048828125,2029.5,2032.300048828125,248
2023-05-11,2014.699951171875,2038.300048828125,2014.0,2034.0999755859375,90
2023-05-12,2014.5,2014.5,2014.5,2014.5,115
2023-05-15,2018.0,2018.0,2013.800048828125,2013.800048828125,3
2023-05-16,1988.4000244140625,1988.4000244140625,1988.4000244140625,1988.4000244140625,49
2023-05-17,1980.699951171875,1983.5999755859375,1980.699951171875,1983.5999755859375,13
2023-05-18,1956.5,1956.800048828125,1956.5,1956.5,23
2023-05-19,1978.699951171875,1978.699951171875,1960.0,1960.0,106
2023-05-22,1974.800048828125,1980.5,1974.800048828125,1980.5,8
2023-05-23,1972.4000244140625,1972.4000244140625,1972.4000244140625,1972.4000244140625,1
2023-05-24,1962.800048828125,1975.4000244140625,1962.800048828125,1975.4000244140625,189
2023-05-25,1943.0999755859375,1943.0999755859375,1943.0999755859375,1943.0999755859375,1
2023-05-26,1944.0999755859375,1948.4000244140625,1944.0999755859375,1948.199951171875,166036
2023-05-30,1958.0,1962.5999755859375,1931.0,1942.699951171875,37838
2023-05-31,1963.9000244140625,1973.0,1953.0,1958.199951171875,5959
2023-06-01,1978.0,1983.0,1954.300048828125,1963.199951171875,750
2023-06-02,1952.4000244140625,1982.5,1947.4000244140625,1977.0999755859375,356
2023-06-05,1958.0,1961.9000244140625,1937.800048828125,1947.5,713
2023-06-06,1965.5,1965.5,1958.800048828125,1960.800048828125,164
2023-06-07,1942.699951171875,1968.4000244140625,1940.699951171875,1959.0,139
2023-06-08,1963.5999755859375,1969.0,1943.0999755859375,1943.199951171875,433
2023-06-09,1962.199951171875,1969.800048828125,1960.300048828125,1965.0999755859375,49
2023-06-12,1955.300048828125,1963.5,1951.4000244140625,1959.699951171875,212
2023-06-13,1944.5999755859375,1967.5,1940.300048828125,1960.5999755859375,343
2023-06-14,1955.300048828125,1958.199951171875,1940.300048828125,1946.199951171875,202
2023-06-15,1957.800048828125,1958.800048828125,1926.0,1941.699951171875,329
2023-06-16,1958.4000244140625,1962.9000244140625,1953.5,1961.4000244140625,119
2023-06-20,1935.5,1958.5999755859375,1931.300048828125,1958.5999755859375,193
2023-06-21,1933.300048828125,1936.800048828125,1920.0,1935.5999755859375,557
2023-06-22,1912.699951171875,1921.0,1912.0999755859375,1920.0,237
2023-06-23,1919.0999755859375,1932.5,1918.699951171875,1918.699951171875,105
2023-06-26,1923.699951171875,1928.5,1922.5,1922.9000244140625,71
2023-06-27,1914.0,1929.4000244140625,1914.0,1927.0,49
2023-06-28,1912.300048828125,1912.300048828125,1912.300048828125,1912.300048828125,628
2023-06-29,1909.199951171875,1909.9000244140625,1892.5,1909.9000244140625,289
2023-06-30,1921.0999755859375,1921.0999755859375,1900.5999755859375,1908.5999755859375,445
2023-07-03,1921.699951171875,1929.5,1917.9000244140625,1917.9000244140625,41
2023-07-05,1919.5999755859375,1933.9000244140625,1914.699951171875,1923.5,193
2023-07-06,1908.699951171875,1910.199951171875,1903.199951171875,1909.300048828125,81
2023-07-07,1926.199951171875,1934.0999755859375,1913.4000244140625,1913.4000244140625,61
2023-07-10,1925.0,1926.0999755859375,1912.300048828125,1923.5999755859375,269
2023-07-11,1931.300048828125,1937.0,1924.199951171875,1925.0,142
2023-07-12,1956.199951171875,1958.0,1932.199951171875,1932.300048828125,132
2023-07-13,1959.199951171875,1961.0999755859375,1953.0,1961.0999755859375,121
2023-07-14,1960.0999755859375,1960.5999755859375,1952.699951171875,1958.4000244140625,94
2023-07-17,1952.4000244140625,1956.5,1946.5999755859375,1954.0,29
2023-07-18,1977.199951171875,1978.4000244140625,1963.4000244140625,1968.800048828125,83
2023-07-19,1977.5,1977.5,1973.0,1977.0,35
2023-07-20,1968.300048828125,1973.699951171875,1965.5999755859375,1973.699951171875,638
2023-07-21,1964.300048828125,1964.300048828125,1961.800048828125,1961.800048828125,50
2023-07-24,1960.300048828125,1965.5,1960.300048828125,1965.300048828125,2
2023-07-25,1962.0999755859375,1962.5,1953.0,1953.0,19
2023-07-26,1968.9000244140625,1972.0,1966.199951171875,1966.199951171875,51
2023-07-27,1945.4000244140625,1945.4000244140625,1945.4000244140625,1945.4000244140625,194253
2023-07-28,1960.4000244140625,1962.199951171875,1944.199951171875,1945.5,23155
2023-07-31,1970.5,1971.5999755859375,1950.0,1959.199951171875,1025
2023-08-01,1940.699951171875,1965.4000244140625,1940.699951171875,1964.9000244140625,688
2023-08-02,1937.4000244140625,1953.5999755859375,1933.199951171875,1948.4000244140625,652
2023-08-03,1932.0,1936.5,1928.0,1934.199951171875,773
2023-08-04,1939.5999755859375,1945.0,1920.0,1934.9000244140625,290
2023-08-07,1933.5,1941.0,1929.800048828125,1941.0,376
2023-08-08,1924.0999755859375,1933.199951171875,1923.0,1931.699951171875,555
2023-08-09,1915.4000244140625,1928.800048828125,1913.699951171875,1925.4000244140625,451
2023-08-10,1914.4000244140625,1927.800048828125,1911.4000244140625,1921.0999755859375,178
2023-08-11,1912.9000244140625,1916.5999755859375,1911.800048828125,1913.0,57
2023-08-14,1910.5999755859375,1912.5999755859375,1903.300048828125,1909.300048828125,46
2023-08-15,1902.5,1907.699951171875,1895.0,1906.0,73
2023-08-16,1896.0999755859375,1904.5,1890.300048828125,1904.5,22
2023-08-17,1884.0999755859375,1902.4000244140625,1884.0,1893.699951171875,245
2023-08-18,1886.0999755859375,1891.800048828125,1886.0999755859375,1891.800048828125,19
2023-08-21,1893.300048828125,1893.5999755859375,1893.300048828125,1893.5999755859375,876
2023-08-22,1896.4000244140625,1896.800048828125,1892.800048828125,1894.5999755859375,46
2023-08-23,1918.5,1918.5,1909.5999755859375,1909.5999755859375,547
2023-08-24,1918.199951171875,1920.800048828125,1918.199951171875,1920.0,337
2023-08-25,1911.0999755859375,1919.800048828125,1911.0999755859375,1919.800048828125,195
2023-08-28,1917.9000244140625,1921.5,1915.5,1915.5,99
2023-08-29,1936.5,1936.5,1916.9000244140625,1917.9000244140625,1674
2023-08-30,1944.300048828125,1946.4000244140625,1934.5999755859375,1936.0,396
2023-08-31,1938.199951171875,1944.4000244140625,1938.199951171875,1944.4000244140625,491
2023-09-01,1939.800048828125,1950.0,1936.5999755859375,1950.0,167
2023-09-05,1926.199951171875,1934.4000244140625,1924.699951171875,1934.4000244140625,113
2023-09-06,1918.0999755859375,1925.300048828125,1916.300048828125,1924.0999755859375,24
2023-09-07,1917.5,1921.5,1917.5,1917.5999755859375,41
2023-09-08,1918.4000244140625,1924.699951171875,1918.4000244140625,1924.0,105
2023-09-11,1923.300048828125,1928.300048828125,1921.800048828125,1923.0,50
2023-09-12,1911.300048828125,1920.800048828125,1911.300048828125,1920.800048828125,365
2023-09-13,1909.0999755859375,1914.5999755859375,1908.9000244140625,1910.300048828125,15
2023-09-14,1910.0,1910.0,1903.0,1903.0,169
2023-09-15,1923.699951171875,1927.300048828125,1923.5,1923.5,8
2023-09-18,1931.5,1931.5,1926.4000244140625,1928.199951171875,19
2023-09-19,1932.0,1934.0,1932.0,1934.0,6
2023-09-20,1945.5999755859375,1945.5999755859375,1929.199951171875,1945.5999755859375,119
2023-09-21,1919.199951171875,1924.0,1919.199951171875,1924.0,9
2023-09-22,1925.4000244140625,1925.4000244140625,1925.4000244140625,1925.4000244140625,1
2023-09-25,1916.5999755859375,1916.5999755859375,1916.5999755859375,1916.5999755859375,114
2023-09-26,1900.4000244140625,1905.0999755859375,1900.4000244140625,1905.0,161
2023-09-27,1871.5999755859375,1871.5999755859375,1871.5999755859375,1871.5999755859375,12251
2023-09-28,1860.4000244140625,1878.199951171875,1856.699951171875,1875.5,4654
2023-09-29,1848.0999755859375,1872.300048828125,1846.0,1864.300048828125,1605
2023-10-02,1830.0,1845.9000244140625,1826.699951171875,1844.0999755859375,2309
2023-10-03,1824.5999755859375,1830.9000244140625,1816.800048828125,1825.0,310
2023-10-04,1818.5,1828.199951171875,1816.4000244140625,1821.800048828125,357
2023-10-05,1816.5999755859375,1826.300048828125,1815.5999755859375,1826.300048828125,393
2023-10-06,1830.199951171875,1831.800048828125,1809.4000244140625,1819.0,390
2023-10-09,1849.5,1861.5,1842.5,1842.5,232
2023-10-10,1861.0,1861.4000244140625,1852.800048828125,1857.0,236
2023-10-11,1872.800048828125,1874.5999755859375,1869.0999755859375,1869.5,65
2023-10-12,1869.300048828125,1881.199951171875,1867.0,1874.699951171875,46
2023-10-13,1927.4000244140625,1930.0999755859375,1877.5,1877.5,43
2023-10-16,1921.0999755859375,1921.0999755859375,1910.300048828125,1910.4000244140625,53
2023-10-17,1922.699951171875,1925.800048828125,1914.300048828125,1914.300048828125,103
2023-10-18,1955.300048828125,1957.9000244140625,1935.0,1935.0,67
2023-10-19,1968.4000244140625,1977.699951171875,1945.699951171875,1950.0999755859375,1945
2023-10-20,1982.5,1988.5999755859375,1980.4000244140625,1981.0999755859375,557
2023-10-23,1976.300048828125,1978.9000244140625,1972.9000244140625,1976.199951171875,127
2023-10-24,1975.0,1975.0,1970.300048828125,1970.300048828125,10
2023-10-25,1984.0999755859375,1985.300048828125,1971.199951171875,1971.199951171875,97
2023-10-26,1987.199951171875,1988.199951171875,1980.4000244140625,1988.199951171875,521
2023-10-27,1988.5999755859375,1988.5999755859375,1988.5999755859375,1988.5999755859375,372
2023-10-30,1996.199951171875,2004.0999755859375,1992.5,2004.0999755859375,157
2023-10-31,1985.199951171875,2001.0,1983.699951171875,1996.5,84
2023-11-01,1978.800048828125,1990.5,1977.800048828125,1990.5,41
2023-11-02,1985.5999755859375,1990.300048828125,1979.5,1989.0999755859375,39
2023-11-03,1991.5,1991.5,1989.0,1989.0,12
2023-11-06,1981.5999755859375,1981.5999755859375,1977.4000244140625,1981.5999755859375,130
2023-11-07,1966.800048828125,1966.800048828125,1960.699951171875,1966.5,20
2023-11-08,1951.5,1967.800048828125,1947.699951171875,1967.800048828125,43
2023-11-09,1964.199951171875,1964.199951171875,1945.300048828125,1951.699951171875,10
2023-11-10,1932.5999755859375,1959.5999755859375,1932.5999755859375,1959.5999755859375,375
2023-11-13,1945.5,1947.199951171875,1934.0,1939.9000244140625,191
2023-11-14,1961.800048828125,1965.800048828125,1961.800048828125,1965.800048828125,2
2023-11-15,1960.0999755859375,1962.800048828125,1960.0,1962.800048828125,6
2023-11-16,1983.9000244140625,1983.9000244140625,1964.5999755859375,1965.300048828125,39
2023-11-17,1981.5999755859375,1984.0,1979.800048828125,1982.5,32
2023-11-20,1977.699951171875,1979.4000244140625,1969.699951171875,1978.699951171875,182
2023-11-21,1999.300048828125,2005.5,1988.5,1990.699951171875,16
2023-11-22,1991.4000244140625,1999.4000244140625,1991.0,1999.0999755859375,6075
2023-11-24,2002.199951171875,2002.199951171875,1991.5,1991.9000244140625,63
2023-11-27,2011.800048828125,2011.800048828125,2011.699951171875,2011.699951171875,228
2023-11-28,2039.699951171875,2042.699951171875,2039.699951171875,2040.5999755859375,174665
2023-11-29,2047.0999755859375,2052.10009765625,2036.0,2041.699951171875,15290
2023-11-30,2038.0999755859375,2047.0999755859375,2033.0999755859375,2046.0999755859375,2506
2023-12-01,2071.0,2073.199951171875,2036.0,2038.300048828125,614
2023-12-04,2024.0999755859375,2130.199951171875,2021.0,2075.300048828125,1071
2023-12-05,2018.5,2037.0,2010.199951171875,2035.0999755859375,289
2023-12-06,2030.5,2035.800048828125,2019.0,2019.9000244140625,417
2023-12-07,2029.9000244140625,2034.9000244140625,2024.0,2029.199951171875,67
2023-12-08,1998.300048828125,2033.0999755859375,1995.0,2031.699951171875,449
2023-12-11,1978.0,2004.199951171875,1977.199951171875,2004.0999755859375,651
2023-12-12,1977.800048828125,1994.199951171875,1977.800048828125,1984.199951171875,95
2023-12-13,1982.300048828125,2024.800048828125,1975.0,1978.5,2252
2023-12-14,2030.199951171875,2040.0999755859375,2024.300048828125,2024.699951171875,236
2023-12-15,2021.0999755859375,2043.4000244140625,2018.300048828125,2032.5999755859375,261
2023-12-18,2026.300048828125,2032.800048828125,2024.0,2024.300048828125,100
2023-12-19,2038.4000244140625,2042.699951171875,2025.199951171875,2025.199951171875,498
2023-12-20,2034.5,2037.0999755859375,2030.300048828125,2037.0999755859375,258
2023-12-21,2039.0999755859375,2044.5,2033.0,2035.800048828125,228
2023-12-22,2057.10009765625,2068.699951171875,2052.199951171875,2055.699951171875,202
2023-12-26,2058.199951171875,2060.800048828125,2054.199951171875,2060.0,64
2023-12-27,2081.89990234375,2081.89990234375,2064.800048828125,2067.300048828125,586
2023-12-28,2073.89990234375,2087.300048828125,2066.5,2081.60009765625,338
2023-12-29,2062.39990234375,2068.89990234375,2062.10009765625,2068.0,47
